,GeneID,Localization,sum(Expression_Corr),max(Expression_Corr),min(Expression_Corr),nb_rows_in_Genes,nb_rows_in_Interactions
0,G234064,cytoplasm,1.665679959,0.914095071,0.751584888,4,2.0
1,G234065,cytoplasm,1.762774829,0.939001091,0.823773738,8,2.0
2,G234070,cytoskeleton,0.0,0.0,0.0,6,0.0
3,G234073,cytoplasm,3.3686881590000004,0.749192312,0.358223557,2,6.0
4,G234074,cytoplasm,2.089604326,0.7002015429999999,0.370059063,12,4.0
5,G234076,nucleus,-0.536899911,-0.536899911,-0.536899911,3,1.0
6,G234084,cytoplasm,0.0,0.0,0.0,6,0.0
7,G234085,nucleus,-0.0811456929999999,0.026929321,-0.108075014,2,2.0
8,G234089,plasma membrane,0.7288042290000001,0.7288042290000001,0.7288042290000001,2,1.0
9,G234093,nucleus,-0.217734461,-0.217734461,-0.217734461,3,1.0
10,G234096,cytoplasm,0.0,0.0,0.0,2,0.0
11,G234100,nucleus,0.60127309,0.60127309,0.60127309,3,1.0
12,G234101,mitochondria,0.0,0.0,0.0,10,1.0
13,G234102,nucleus,0.0,0.0,0.0,3,0.0
14,G234103,cytoplasm,1.579860482,0.538658973,-0.0641838,32,5.0
15,G234106,nucleus,0.115813077,0.1777896769999999,-0.0619765999999999,10,2.0
16,G234107,nucleus,0.0,0.0,0.0,12,0.0
17,G234108,cytoplasm,0.739646085,0.739646085,0.739646085,3,1.0
18,G234109,plasma membrane,0.0,0.0,0.0,4,0.0
19,G234122,cytoplasm,0.0,0.0,0.0,6,0.0
20,G234123,cytoplasm,-0.670313426,-0.670313426,-0.670313426,15,1.0
21,G234124,nucleus,0.0,0.0,0.0,6,0.0
22,G234126,cytoplasm,0.0,0.0,0.0,2,0.0
23,G234128,vacuole,0.0,0.0,0.0,12,0.0
24,G234131,plasma membrane,0.0,0.0,0.0,2,0.0
25,G234139,nucleus,1.0,1.0,1.0,2,1.0
26,G234141,nucleus,1.2510339499999998,0.833400501,-0.0834393309999999,2,4.0
27,G234167,cytoskeleton,1.509935562,0.8115515609999999,0.307833642,6,3.0
28,G234169,plasma membrane,-0.661897802,-0.661897802,-0.661897802,12,1.0
29,G234170,nucleus,0.0,0.0,0.0,2,0.0
30,G234177,plasma membrane,0.0,0.0,0.0,2,0.0
31,G234178,nucleus,-0.5475104679999999,-0.5475104679999999,-0.5475104679999999,3,1.0
32,G234185,nucleus,0.0,0.0,0.0,9,0.0
33,G234191,nucleus,1.305153229,0.753626293,-0.32915143,4,4.0
34,G234194,nucleus,2.1107950010000005,0.8399797940000001,0.299363986,4,4.0
35,G234197,cytoskeleton,1.918307031,0.859871727,-0.136867397,6,5.0
36,G234201,nucleus,0.0,0.0,0.0,2,0.0
37,G234202,nucleus,0.122627189,0.081133204,0.041493985,3,2.0
38,G234205,nucleus,0.1575916809999999,0.1575916809999999,0.1575916809999999,3,1.0
39,G234206,nucleus,0.0,0.0,0.0,32,0.0
40,G234212,cytoplasm,0.426543857,0.426543857,0.426543857,3,1.0
41,G234214,nucleus,0.699865662,0.699865662,0.699865662,2,1.0
42,G234217,nucleus,0.8940584490000001,0.8940584490000001,0.8940584490000001,2,1.0
43,G234222,vacuole,0.0,0.0,0.0,20,0.0
44,G234227,plasma membrane,0.0,0.0,0.0,60,0.0
45,G234229,plasma membrane,0.0,0.0,0.0,8,0.0
46,G234232,cytoplasm,-0.088350354,-0.088350354,-0.088350354,1,1.0
47,G234234,cytoplasm,0.0,0.0,0.0,6,0.0
48,G234235,nucleus,0.0,0.0,0.0,2,0.0
49,G234240,nucleus,0.063124063,0.063124063,0.063124063,9,1.0
50,G234248,cytoplasm,0.0,0.0,0.0,5,0.0
51,G234259,nucleus,0.0,0.0,0.0,9,0.0
52,G234263,nucleus,0.0,0.0,0.0,3,0.0
53,G234265,nucleus,1.110279214,0.6648756610000001,0.445403553,2,2.0
54,G234270,nucleus,0.0,0.0,0.0,24,0.0
55,G234271,plasma membrane,0.0,0.0,0.0,5,0.0
56,G234275,nucleus,-0.347782909,-0.347782909,-0.347782909,3,1.0
57,G234276,nucleus,0.0,0.0,0.0,4,0.0
58,G234277,nucleus,-0.3396371929999999,-0.3396371929999999,-0.3396371929999999,20,1.0
59,G234285,ER,0.293070431,0.293070431,0.293070431,4,1.0
60,G234286,mitochondria,0.0,0.0,0.0,5,0.0
61,G234290,mitochondria,0.0,0.0,0.0,15,0.0
62,G234293,plasma membrane,0.288587542,0.288587542,0.288587542,8,1.0
63,G234296,cytoplasm,0.0,0.0,0.0,4,0.0
64,G234300,nucleus,0.0,0.0,0.0,3,0.0
65,G234312,nucleus,0.0,0.0,0.0,2,0.0
66,G234317,cytoskeleton,-0.467022878,-0.467022878,-0.467022878,3,1.0
67,G234323,nucleus,-0.381871879,-0.381871879,-0.381871879,3,1.0
68,G234326,golgi,0.0,0.0,0.0,2,0.0
69,G234330,nucleus,0.0,0.0,0.0,4,0.0
70,G234334,nucleus,4.664531743,1.0,-0.128716897,3,12.0
71,G234341,nucleus,0.0,0.0,0.0,4,0.0
72,G234344,golgi,0.0,0.0,0.0,4,0.0
73,G234347,nucleus,0.0,0.0,0.0,4,0.0
74,G234359,ER,0.0,0.0,0.0,3,0.0
75,G234360,cytoplasm,0.0,0.0,0.0,2,0.0
76,G234361,nucleus,0.0,0.0,0.0,9,0.0
77,G234368,cytoplasm,0.5711390569999999,0.930408711,-0.359269654,20,2.0
78,G234369,cytoplasm,0.432263371,0.432263371,0.432263371,2,1.0
79,G234371,cytoplasm,0.0,0.0,0.0,12,0.0
80,G234381,plasma membrane,0.0,0.0,0.0,6,0.0
81,G234382,nucleus,-0.7310812,-0.7310812,-0.7310812,2,1.0
82,G234392,cytoskeleton,0.769963486,0.769963486,0.769963486,24,1.0
83,G234393,golgi,0.0,0.0,0.0,10,0.0
84,G234400,cytoplasm,0.0,0.0,0.0,6,0.0
85,G234402,cytoplasm,0.0,0.0,0.0,6,0.0
86,G234406,nucleus,0.0,0.0,0.0,3,0.0
87,G234413,nucleus,0.453801892,0.233730921,0.220070971,2,2.0
88,G234415,nucleus,0.0,0.0,0.0,9,0.0
89,G234416,nucleus,0.225232063,0.225232063,0.225232063,15,1.0
90,G234418,nucleus,-0.410653605,-0.410653605,-0.410653605,9,1.0
91,G234427,nucleus,0.0,0.0,0.0,2,0.0
92,G234429,nucleus,0.0,0.0,0.0,3,0.0
93,G234430,nucleus,0.58262976,0.646192903,-0.063563143,3,2.0
94,G234437,nucleus,0.0,0.0,0.0,3,0.0
95,G234444,nucleus,1.292662022,0.774216943,0.246071261,2,3.0
96,G234445,nucleus,1.497781147,0.867867073,0.629914074,4,2.0
97,G234446,vacuole,0.0,0.0,0.0,4,0.0
98,G234448,nucleus,0.0,0.0,0.0,6,0.0
99,G234452,plasma membrane,0.0,0.0,0.0,4,0.0
100,G234455,cytoplasm,0.0,0.0,0.0,2,0.0
101,G234458,nucleus,0.0,0.0,0.0,2,0.0
102,G234465,plasma membrane,0.0,0.0,0.0,4,0.0
103,G234468,cytoplasm,0.0,0.0,0.0,2,0.0
104,G234469,nucleus,-0.060036564,-0.060036564,-0.060036564,2,1.0
105,G234486,nucleus,0.0,0.0,0.0,2,0.0
106,G234495,plasma membrane,0.496259419,0.496259419,0.496259419,3,1.0
107,G234497,cytoskeleton,0.4241461400000001,0.7387058190000001,-0.314559679,9,2.0
108,G234505,nucleus,0.425349349,0.5459008120000001,-0.120551463,6,2.0
109,G234509,ER,0.0,0.0,0.0,6,0.0
110,G234513,ER,0.288136735,0.246969418,0.041167317,4,2.0
111,G234516,plasma membrane,0.170731427,0.170731427,0.170731427,12,1.0
112,G234517,plasma membrane,-0.110120181,-0.110120181,-0.110120181,4,1.0
113,G234522,plasma membrane,-0.26334011,-0.26334011,-0.26334011,8,1.0
114,G234523,nucleus,0.0,0.0,0.0,2,0.0
115,G234525,nucleus,0.708165539,0.708165539,0.708165539,6,1.0
116,G234529,nucleus,0.0,0.0,0.0,5,0.0
117,G234533,nucleus,0.8189041309999999,0.8189041309999999,0.8189041309999999,2,1.0
118,G234535,nucleus,1.68313549,0.606461157,0.1253470069999999,6,4.0
119,G234538,plasma membrane,0.0,0.0,0.0,3,0.0
120,G234542,nucleus,0.0,0.0,0.0,2,0.0
121,G234549,nucleus,0.0,0.0,0.0,12,0.0
122,G234553,cytoplasm,2.548392111,0.89825121,0.784398319,8,3.0
123,G234554,plasma membrane,0.0,0.0,0.0,12,0.0
124,G234562,nucleus,-0.334130629,0.028384044,-0.362514673,8,2.0
125,G234563,nucleus,0.522501665,0.522501665,0.522501665,6,1.0
126,G234564,nucleus,0.0,0.0,0.0,2,0.0
127,G234572,cytoplasm,1.68903332,0.93271999,0.75631333,12,2.0
128,G234575,nucleus,0.0,0.0,0.0,4,0.0
129,G234581,cytoplasm,0.2297622,0.588783454,-0.510902937,40,4.0
130,G234586,nucleus,1.0,1.0,1.0,3,1.0
131,G234589,plasma membrane,0.0,0.0,0.0,4,0.0
132,G234591,cytoplasm,0.0,0.0,0.0,2,0.0
133,G234594,cytoplasm,0.0,0.0,0.0,6,0.0
134,G234603,transport vesicles,0.0,0.0,0.0,3,0.0
135,G234604,nucleus,0.0,0.0,0.0,9,0.0
136,G234606,golgi,0.920671097,0.920671097,0.920671097,2,1.0
137,G234610,mitochondria,-0.7298692790000001,-0.7298692790000001,-0.7298692790000001,32,1.0
138,G234613,nucleus,0.52708281,0.52708281,0.52708281,2,1.0
139,G234630,nucleus,0.0,0.0,0.0,3,0.0
140,G234635,nucleus,0.771810983,0.771810983,0.771810983,3,1.0
141,G234636,nucleus,0.0,0.0,0.0,4,0.0
142,G234638,nucleus,0.0,0.0,0.0,2,0.0
143,G234640,ER,0.0,0.0,0.0,12,0.0
144,G234642,vacuole,0.0,0.0,0.0,15,0.0
145,G234644,nucleus,0.605186121,0.605186121,0.605186121,6,1.0
146,G234652,nucleus,0.0,0.0,0.0,16,0.0
147,G234654,nucleus,0.0,0.0,0.0,8,0.0
148,G234656,ER,0.0,0.0,0.0,4,0.0
149,G234659,cytoplasm,-0.2629612109999999,1.0,-0.717091933,9,3.0
150,G234665,peroxisome,-0.5099797660000001,-0.5099797660000001,-0.5099797660000001,4,1.0
151,G234666,cytoplasm,0.8005751170000001,0.8005751170000001,0.8005751170000001,4,1.0
152,G234677,golgi,0.0,0.0,0.0,12,0.0
153,G234681,nucleus,1.531907973,1.0,0.241592767,3,3.0
154,G234684,nucleus,0.7410706909999999,0.7410706909999999,0.7410706909999999,12,1.0
155,G234687,cytoplasm,0.531135785,0.531135785,0.531135785,6,1.0
156,G234692,nucleus,0.832358145,0.832358145,0.832358145,3,1.0
157,G234700,cytoplasm,0.0,0.0,0.0,8,0.0
158,G234702,integral membrane,0.0,0.0,0.0,2,0.0
159,G234715,nucleus,0.373344426,0.373344426,0.373344426,10,1.0
160,G234716,cytoplasm,0.0,0.0,0.0,8,0.0
161,G234722,nucleus,0.0,0.0,0.0,3,0.0
162,G234725,nucleus,0.0,0.0,0.0,4,0.0
163,G234732,cytoskeleton,0.593515711,0.593515711,0.593515711,8,1.0
164,G234733,cytoplasm,0.8811715809999999,0.8811715809999999,0.8811715809999999,3,1.0
165,G234735,plasma membrane,0.340847808,0.340847808,0.340847808,18,1.0
166,G234737,cytoplasm,0.0,0.0,0.0,8,0.0
167,G234744,nucleus,0.0,0.0,0.0,2,0.0
168,G234746,nucleus,1.808347295,0.7032236059999999,0.508740191,4,3.0
169,G234749,cytoplasm,0.0,0.0,0.0,2,0.0
170,G234754,plasma membrane,1.1811312860000005,1.0,-0.755516667,20,8.0
171,G234756,mitochondria,0.0,0.0,0.0,30,0.0
172,G234762,nucleus,0.0,0.0,0.0,4,0.0
173,G234763,cytoplasm,0.434984638,0.470959973,-0.035975335,12,2.0
174,G234764,vacuole,0.0,0.0,0.0,10,0.0
175,G234767,plasma membrane,0.0,0.0,0.0,4,0.0
176,G234768,transport vesicles,0.0,0.0,0.0,2,0.0
177,G234769,cytoplasm,0.0,0.0,0.0,6,0.0
178,G234772,cytoplasm,-0.451020835,-0.451020835,-0.451020835,3,1.0
179,G234779,cytoskeleton,0.0,0.0,0.0,8,2.0
180,G234786,nucleus,0.7593013609999999,0.939910092,-0.180608731,8,2.0
181,G234787,plasma membrane,-0.3875232870000001,-0.3875232870000001,-0.3875232870000001,4,1.0
182,G234788,nucleus,0.0,0.0,0.0,2,0.0
183,G234804,mitochondria,0.0,0.0,0.0,6,0.0
184,G234811,cytoskeleton,0.127651916,0.127651916,0.0,6,2.0
185,G234812,nucleus,-0.145825626,-0.145825626,-0.145825626,3,1.0
186,G234823,cytoplasm,0.1856378009999999,0.882405015,-0.6967672140000001,4,2.0
187,G234824,cytoplasm,-0.648296496,0.297068506,-0.758373594,2,3.0
188,G234829,mitochondria,0.0,0.0,0.0,3,0.0
189,G234830,cytoplasm,0.258710106,0.258710106,0.258710106,4,1.0
190,G234831,plasma membrane,0.0,0.0,0.0,5,0.0
191,G234839,cytoskeleton,0.743719262,0.743719262,0.743719262,18,1.0
192,G234849,nucleus,1.675590224,0.6499683270000001,0.498144529,4,3.0
193,G234850,nucleus,0.671832167,0.671832167,0.671832167,2,1.0
194,G234854,ER,0.0,0.0,0.0,15,0.0
195,G234858,golgi,0.0,0.0,0.0,8,0.0
196,G234860,plasma membrane,0.0,0.0,0.0,15,0.0
197,G234862,nucleus,0.0,0.0,0.0,3,0.0
198,G234863,nucleus,-0.345456419,-0.345456419,-0.345456419,2,1.0
199,G234865,cytoplasm,0.0,0.0,0.0,8,0.0
200,G234867,nucleus,1.62517281,0.945980613,0.679192197,2,2.0
201,G234868,plasma membrane,0.0,0.0,0.0,8,0.0
202,G234876,cytoplasm,0.0,0.0,0.0,2,0.0
203,G234878,golgi,0.0,0.0,0.0,12,0.0
204,G234880,nucleus,0.0,0.0,0.0,2,0.0
205,G234882,nucleus,0.0,0.0,0.0,8,0.0
206,G234890,nucleus,1.0,1.0,1.0,3,1.0
207,G234894,nucleus,0.797592713,0.797592713,0.797592713,6,1.0
208,G234895,nucleus,-0.231570436,0.474741056,-0.706311492,4,2.0
209,G234906,nucleus,0.574722715,0.574722715,0.574722715,2,1.0
210,G234907,nucleus,0.0,0.0,0.0,2,0.0
211,G234908,cytoplasm,0.0,0.0,0.0,4,0.0
212,G234909,plasma membrane,0.0,0.0,0.0,8,0.0
213,G234910,nucleus,0.0,0.0,0.0,3,0.0
214,G234914,nucleus,2.5272055580000004,0.915563826,0.744300229,4,3.0
215,G234915,nucleus,-0.111404792,-0.111404792,-0.111404792,3,1.0
216,G234918,plasma membrane,-0.515443375,-0.515443375,-0.515443375,4,1.0
217,G234926,nucleus,-0.301378981,-0.301378981,-0.301378981,2,1.0
218,G234932,cytoplasm,0.0,0.0,0.0,6,0.0
219,G234933,mitochondria,-0.672788843,-0.672788843,-0.672788843,2,1.0
220,G234934,nucleus,1.627167579,0.906514059,0.72065352,3,2.0
221,G234935,nucleus,0.07647432,0.497814721,-0.460856268,2,5.0
222,G234936,nucleus,1.338025594,0.840178841,0.03137217,18,3.0
223,G234943,plasma membrane,0.0,0.0,0.0,5,0.0
224,G234946,nucleus,0.0,0.0,0.0,2,0.0
225,G234949,cytoplasm,0.972494716,0.972494716,0.972494716,2,1.0
226,G234953,nucleus,0.8487387590000001,0.8487387590000001,0.8487387590000001,2,1.0
227,G234954,plasma membrane,0.913865546,0.913865546,0.913865546,10,1.0
228,G234955,nucleus,0.391697051,0.391697051,0.391697051,2,1.0
229,G234959,cytoplasm,0.605126425,0.605126425,0.605126425,3,1.0
230,G234960,cytoplasm,0.0,0.0,0.0,3,0.0
231,G234964,cytoplasm,0.287834569,0.287834569,0.287834569,4,1.0
232,G234967,plasma membrane,0.6037542920000001,0.6037542920000001,0.6037542920000001,3,1.0
233,G234973,ER,0.0,0.0,0.0,12,0.0
234,G234975,cytoplasm,0.595014436,0.595014436,0.595014436,2,1.0
235,G234980,nucleus,0.5331516129999999,0.6146961879999999,-0.081544575,4,2.0
236,G234983,cytoskeleton,-0.0684342670000001,0.6122805729999999,-0.436643926,8,7.0
237,G234993,nucleus,0.0,0.0,0.0,4,0.0
238,G234994,nucleus,0.0,0.0,0.0,3,0.0
239,G235004,nucleus,0.0,0.0,0.0,12,0.0
240,G235005,cytoplasm,0.0,0.0,0.0,2,0.0
241,G235006,cytoplasm,0.0,0.0,0.0,2,0.0
242,G235011,mitochondria,0.8298904570000001,0.8298904570000001,0.8298904570000001,5,1.0
243,G235012,nucleus,-0.5971194360000001,-0.025039646,-0.57207979,4,2.0
244,G235014,nucleus,1.260911878,0.705859881,0.5550519970000001,3,2.0
245,G235019,nucleus,0.0,0.0,0.0,2,0.0
246,G235025,nucleus,0.651514276,0.779363565,-0.127849289,8,2.0
247,G235027,cytoskeleton,0.0,0.0,0.0,3,0.0
248,G235034,cytoskeleton,0.0,0.0,0.0,3,0.0
249,G235035,transport vesicles,0.164728481,0.164728481,0.164728481,2,1.0
250,G235042,cytoplasm,-1.062710621,-0.465933261,-0.59677736,8,2.0
251,G235043,nucleus,0.34563442,0.34563442,0.34563442,3,1.0
252,G235044,cytoplasm,0.8939462690000001,0.649823248,0.244123021,4,2.0
253,G235052,mitochondria,-0.297138317,-0.297138317,-0.297138317,2,1.0
254,G235054,mitochondria,0.0,0.0,0.0,12,0.0
255,G235059,cytoplasm,0.0,0.0,0.0,2,0.0
256,G235065,cytoplasm,0.0,0.0,0.0,2,0.0
257,G235075,nucleus,0.0,0.0,0.0,6,0.0
258,G235077,cytoskeleton,0.356854509,0.356854509,0.356854509,36,1.0
259,G235080,golgi,0.612697224,0.612697224,0.612697224,12,1.0
260,G235086,nucleus,0.0,0.0,0.0,2,0.0
261,G235095,mitochondria,0.0,0.0,0.0,2,1.0
262,G235099,transport vesicles,0.104828044,0.104828044,0.104828044,2,1.0
263,G235101,cytoplasm,0.0,0.0,0.0,3,0.0
264,G235105,nucleus,1.5580946830000002,0.865665777,0.692428906,2,2.0
265,G235107,cytoplasm,0.0,0.0,0.0,6,0.0
266,G235123,nucleus,0.0,0.0,0.0,6,0.0
267,G235127,cytoplasm,0.943100379,0.943100379,0.943100379,2,1.0
268,G235128,nucleus,-0.087799558,-0.087799558,-0.087799558,2,1.0
269,G235129,nucleus,0.532955317,0.532955317,0.532955317,3,1.0
270,G235130,cytoplasm,0.0,0.0,0.0,6,0.0
271,G235131,nucleus,1.475160815,0.848640847,-0.023243041,20,5.0
272,G235132,cytoplasm,0.0,0.0,0.0,2,0.0
273,G235133,nucleus,0.0,0.0,0.0,4,0.0
274,G235134,nucleus,0.80184583,0.80184583,0.80184583,12,1.0
275,G235135,mitochondria,-0.121219442,0.0,-0.121219442,4,2.0
276,G235136,cytoskeleton,0.6897111,0.7195838090000001,-0.27691027,8,7.0
277,G235137,nucleus,0.6600126720000001,0.7244249490000001,-0.0817086809999999,4,3.0
278,G235138,nucleus,1.134346133,0.636797449,0.497548684,3,2.0
279,G235142,nucleus,0.521650603,0.286358614,0.235291989,6,2.0
280,G235143,cytoplasm,2.598619027,1.0,0.7516856190000001,12,3.0
281,G235145,cytoplasm,0.0,0.0,0.0,6,0.0
282,G235157,nucleus,0.0,0.0,0.0,8,0.0
283,G235158,cytoskeleton,1.258757742,0.640446828,0.077874709,12,4.0
284,G235159,nucleus,1.81051437,1.0,-0.090758295,4,3.0
285,G235161,mitochondria,0.0,0.0,0.0,3,0.0
286,G235163,nucleus,1.663079432,0.8208030829999999,0.163995189,3,3.0
287,G235165,golgi,0.8989869530000001,0.712027837,-0.425678475,2,4.0
288,G235170,nucleus,0.0,0.0,0.0,4,0.0
289,G235171,mitochondria,-0.177790731,-0.177790731,-0.177790731,2,1.0
290,G235172,nucleus,2.7744390180000003,0.809753403,0.0,12,5.0
291,G235173,cytoplasm,0.0,0.0,0.0,4,0.0
292,G235177,ER,0.872980187,0.872980187,0.872980187,36,1.0
293,G235181,nucleus,1.4395844830000002,0.748616805,0.6909676779999999,3,2.0
294,G235182,nucleus,0.0,0.0,0.0,2,0.0
295,G235184,nucleus,0.590996065,0.590996065,0.590996065,4,1.0
296,G235185,nucleus,0.0,0.0,0.0,3,0.0
297,G235187,nucleus,2.802421017,0.966896091,0.878663821,2,3.0
298,G235188,nucleus,-0.911509699,-0.911509699,-0.911509699,2,1.0
299,G235189,nucleus,0.259940095,0.259940095,0.259940095,2,1.0
300,G235191,nucleus,1.609265198,0.692046955,-0.20982591,2,5.0
301,G235200,vacuole,-0.635254071,-0.635254071,-0.635254071,2,1.0
302,G235201,cytoplasm,0.0,0.0,0.0,2,0.0
303,G235204,cytoplasm,0.852406685,0.852406685,0.852406685,8,1.0
304,G235205,cytoplasm,0.0,0.0,0.0,2,0.0
305,G235207,nucleus,0.0,0.0,0.0,9,0.0
306,G235213,nucleus,1.919323883,0.7920293270000001,0.352332665,8,3.0
307,G235214,nucleus,0.0,0.0,0.0,12,0.0
308,G235216,cytoskeleton,0.401181429,0.401181429,0.401181429,1,1.0
309,G235222,mitochondria,0.391272649,0.391272649,0.391272649,4,1.0
310,G235225,nucleus,0.0,0.0,0.0,3,0.0
311,G235228,cytoplasm,0.938906005,0.938906005,0.938906005,4,1.0
312,G235229,nucleus,1.0,1.0,1.0,4,1.0
313,G235231,nucleus,-0.013714969,-0.013714969,-0.013714969,4,1.0
314,G235234,vacuole,0.0,0.0,0.0,2,0.0
315,G235235,ER,0.0,0.0,0.0,4,0.0
316,G235239,golgi,0.1416275949999999,0.642642829,-0.425678475,6,6.0
317,G235240,nucleus,0.0,0.0,0.0,4,0.0
318,G235241,nucleus,0.448161889,0.405275617,0.042886272,3,2.0
319,G235242,cytoskeleton,-0.454826383,-0.454826383,-0.454826383,6,1.0
320,G235243,nucleus,0.973817398,0.543045961,-0.02250644,9,4.0
321,G235244,nucleus,0.318098779,0.318098779,0.318098779,2,1.0
322,G235245,mitochondria,0.0,0.0,0.0,3,0.0
323,G235246,cytoplasm,0.0,0.0,0.0,2,0.0
324,G235247,nucleus,1.940437116,1.0,0.12150219,4,4.0
325,G235248,transport vesicles,0.824185051,0.824185051,0.824185051,4,1.0
326,G235250,nucleus,1.703894789,0.932605859,-0.321852418,9,7.0
327,G235252,nucleus,0.0,0.0,0.0,3,0.0
328,G235257,nucleus,-0.426854175,-0.426854175,-0.426854175,2,1.0
329,G235259,transport vesicles,0.0,0.0,0.0,2,0.0
330,G235261,golgi,0.0,0.0,0.0,2,3.0
331,G235264,nucleus,0.0,0.0,0.0,4,0.0
332,G235265,nucleus,1.061699955,0.750229736,-0.6186488920000001,2,5.0
333,G235266,nucleus,0.0,0.0,0.0,3,0.0
334,G235271,cytoskeleton,1.842379275,1.0,0.405483769,6,3.0
335,G235272,nucleus,0.0,0.0,0.0,2,0.0
336,G235273,nucleus,-0.748156142,-0.748156142,-0.748156142,12,1.0
337,G235274,nucleus,0.0,0.0,0.0,3,0.0
338,G235277,cytoskeleton,1.225774424,0.691962434,-0.183889069,6,4.0
339,G235278,nucleus,1.443313596,0.7104676129999999,-0.479339489,6,7.0
340,G235279,nucleus,0.0,0.0,0.0,2,0.0
341,G235281,golgi,1.848591923,0.876435946,-0.370015266,2,6.0
342,G235285,nucleus,0.0,0.0,0.0,12,0.0
343,G235287,nucleus,5.052621643,0.727603132,-0.422805819,6,12.0
344,G235288,cytoplasm,0.0,0.0,0.0,2,0.0
345,G235293,golgi,0.7974082109999999,0.567592027,0.229816184,2,2.0
346,G235294,nucleus,1.401393169,0.880739624,0.520653545,3,2.0
347,G235297,ER,1.362565296,0.8422155379999999,0.5203497579999999,9,2.0
348,G235300,ER,0.0,0.0,0.0,3,0.0
349,G235301,cytoplasm,2.141823439,0.986212398,0.0,9,4.0
350,G235302,mitochondria,0.0,0.0,0.0,4,0.0
351,G235303,mitochondria,0.0,0.0,0.0,4,0.0
352,G235307,cytoplasm,0.0,0.0,0.0,3,0.0
353,G235309,cytoplasm,0.281626665,0.281626665,0.281626665,9,1.0
354,G235310,nucleus,0.0,0.0,0.0,4,0.0
355,G235312,cytoskeleton,0.761367169,0.709874329,0.0,9,3.0
356,G235313,cytoskeleton,0.0,0.0,0.0,1,0.0
357,G235317,cytoplasm,0.0,0.0,0.0,2,1.0
358,G235324,nucleus,0.0,0.0,0.0,2,0.0
359,G235326,cytoplasm,0.0,0.0,0.0,2,0.0
360,G235327,nucleus,-0.223839483,0.459036101,-0.682875584,2,2.0
361,G235329,nucleus,2.343947163,0.703010525,0.515465562,2,4.0
362,G235331,cytoplasm,0.0,0.0,0.0,2,0.0
363,G235332,nucleus,1.801001241,0.644203775,0.095650883,2,4.0
364,G235334,nucleus,0.619463643,0.619463643,0.619463643,2,1.0
365,G235335,nucleus,0.8686334440000001,0.8686334440000001,0.8686334440000001,2,1.0
366,G235336,cytoplasm,2.341367437,1.0,-0.469868938,12,7.0
367,G235340,cytoskeleton,-0.01650513,-0.01650513,-0.01650513,6,1.0
368,G235344,nucleus,1.684884143,0.699791796,0.485897277,2,3.0
369,G235345,nucleus,0.0,0.0,0.0,2,0.0
370,G235348,mitochondria,-0.851729394,-0.851729394,-0.851729394,6,1.0
371,G235349,nucleus,0.196788832,0.196788832,0.196788832,3,1.0
372,G235350,nucleus,1.470978766,1.0,-0.041962416,3,3.0
373,G235357,mitochondria,0.891039915,0.891039915,0.891039915,4,1.0
374,G235358,nucleus,-0.332879138,0.133261607,-0.466140745,3,2.0
375,G235359,cytoplasm,0.0,0.0,0.0,4,0.0
376,G235363,cytoplasm,0.0,0.0,0.0,2,0.0
377,G235366,nucleus,0.0,0.0,0.0,6,0.0
378,G235371,nucleus,1.0033545,0.88601015,0.11734435,4,2.0
379,G235372,nucleus,0.0,0.0,0.0,8,0.0
380,G235375,nucleus,-0.533112364,-0.533112364,-0.533112364,2,1.0
381,G235379,cytoplasm,0.0,0.0,0.0,2,0.0
382,G235380,cytoplasm,0.312093675,0.312093675,0.312093675,12,1.0
383,G235381,nucleus,-0.0741368979999999,-0.0741368979999999,-0.0741368979999999,3,1.0
384,G235383,cytoplasm,0.0,0.0,0.0,2,0.0
385,G235386,nucleus,0.0,0.0,0.0,2,0.0
386,G235388,nucleus,0.864190393,0.864190393,0.864190393,2,1.0
387,G235390,ER,0.0,0.0,0.0,3,0.0
388,G235391,cytoplasm,0.0,0.0,0.0,2,0.0
389,G235395,nucleus,0.0,0.0,0.0,2,0.0
390,G235398,plasma membrane,0.0,0.0,0.0,3,0.0
391,G235400,nucleus,-0.051075603,-0.051075603,-0.051075603,2,1.0
392,G235403,cytoplasm,0.0,0.0,0.0,3,0.0
393,G235404,nucleus,0.0,0.0,0.0,3,0.0
394,G235407,cytoplasm,2.17573177,0.962220218,0.517652706,16,3.0
395,G235408,mitochondria,0.38663859,0.38663859,0.38663859,8,1.0
396,G235417,nucleus,0.365180925,0.365180925,0.365180925,2,1.0
397,G235419,nucleus,-0.067101314,-0.067101314,-0.067101314,4,1.0
398,G235425,cytoplasm,0.748497753,0.748497753,0.748497753,3,1.0
399,G235426,nucleus,0.0,0.0,0.0,20,0.0
400,G235434,nucleus,0.0,0.0,0.0,2,0.0
401,G235435,cytoplasm,0.152332875,0.152332875,0.152332875,3,1.0
402,G235436,cytoplasm,0.0,0.0,0.0,3,0.0
403,G235438,nucleus,0.251732764,0.659153394,-0.469436589,4,3.0
404,G235439,nucleus,5.78908074,0.8868069140000001,0.119740468,12,14.0
405,G235442,nucleus,1.127190111,0.760449477,0.366740634,2,2.0
406,G235447,nucleus,0.0,0.0,0.0,4,0.0
407,G235448,golgi,0.8164611140000001,0.8164611140000001,0.8164611140000001,6,1.0
408,G235450,nucleus,0.0,0.0,0.0,2,0.0
409,G235453,nucleus,-1.980624971,-0.557700778,-0.7989556240000001,9,3.0
410,G235457,golgi,-0.277366456,-0.277366456,-0.277366456,4,1.0
411,G235459,cytoplasm,0.0,0.0,0.0,2,0.0
412,G235462,nucleus,0.6900272209999999,0.6900272209999999,0.6900272209999999,2,1.0
413,G235463,ER,1.503146632,0.772309609,0.348400604,8,3.0
414,G235464,nucleus,0.0,0.0,0.0,2,0.0
415,G235467,cytoplasm,0.111792809,0.111792809,0.111792809,3,1.0
416,G235468,nucleus,1.5052183229999998,0.997666911,-0.087018614,2,4.0
417,G235469,cytoskeleton,0.926119022,0.544827241,0.381291781,18,2.0
418,G235471,nucleus,0.0,0.0,0.0,6,0.0
419,G235474,cytoplasm,1.3670472190000005,1.0,-0.356321138,6,4.0
420,G235475,nucleus,0.022759398,0.022759398,0.022759398,3,1.0
421,G235477,cytoplasm,1.27291344,0.775780965,0.497132475,4,2.0
422,G235478,cytoskeleton,0.0,0.0,0.0,1,0.0
423,G235479,cytoplasm,0.236143912,0.236143912,0.236143912,3,1.0
424,G235480,nucleus,0.167746491,0.167746491,0.167746491,2,1.0
425,G235482,transport vesicles,-1.4965330950000002,-0.360540159,-0.610796207,2,3.0
426,G235485,cytoplasm,-0.545869278,-0.545869278,-0.545869278,50,1.0
427,G235486,cytoskeleton,-0.199575696,0.0,-0.199575696,2,2.0
428,G235489,cytoplasm,0.864017155,0.864017155,0.864017155,2,1.0
429,G235490,nucleus,0.7898150629999999,0.836717107,-0.046902044,2,2.0
430,G235495,nucleus,0.701719773,0.701719773,0.701719773,6,1.0
431,G235496,nucleus,-0.384796196,-0.384796196,-0.384796196,6,1.0
432,G235499,transport vesicles,0.0,0.0,0.0,2,0.0
433,G235500,nucleus,0.7467496809999999,0.7467496809999999,0.7467496809999999,4,1.0
434,G235502,cytoplasm,0.9227826,0.9227826,0.9227826,2,1.0
435,G235506,cytoskeleton,0.0,0.0,0.0,1,0.0
436,G235508,nucleus,0.0,0.0,0.0,2,0.0
437,G235510,nucleus,0.0,0.0,0.0,4,0.0
438,G235513,nucleus,0.0,0.0,0.0,2,0.0
439,G235514,cytoplasm,0.313805394,0.313805394,0.313805394,3,1.0
440,G235515,cytoplasm,0.0,0.0,0.0,3,0.0
441,G235516,nucleus,2.117273052,0.7960981159999999,0.59898413,3,3.0
442,G235518,vacuole,-0.437439365,-0.437439365,-0.437439365,2,1.0
443,G235519,mitochondria,0.0,0.0,0.0,8,0.0
444,G235528,cytoplasm,0.0,0.0,0.0,4,0.0
445,G235529,mitochondria,0.632656896,0.632656896,0.632656896,4,1.0
446,G235530,vacuole,-0.304665304,-0.304665304,-0.304665304,4,1.0
447,G235532,nucleus,0.0,0.0,0.0,2,0.0
448,G235535,cytoplasm,0.0,0.0,0.0,2,0.0
449,G235539,nucleus,0.6384921379999999,0.490281179,-0.34342099,6,5.0
450,G235542,nucleus,0.0,0.0,0.0,12,0.0
451,G235544,nucleus,0.0,0.0,0.0,2,0.0
452,G235546,nucleus,0.240089673,0.240089673,0.240089673,8,1.0
453,G235550,nucleus,-0.1163697859999999,0.7092479420000001,-0.66749142,2,5.0
454,G235558,cytoskeleton,0.136246545,0.136246545,0.136246545,4,1.0
455,G235559,nucleus,-0.550312955,-0.550312955,-0.550312955,2,1.0
456,G235561,cytoplasm,0.0,0.0,0.0,3,0.0
457,G235563,nucleus,0.5827580410000001,0.5827580410000001,0.5827580410000001,4,1.0
458,G235564,endosome,0.0,0.0,0.0,3,0.0
459,G235566,nucleus,0.0,0.0,0.0,6,0.0
460,G235568,nucleus,0.8066634309999999,0.8066634309999999,0.8066634309999999,3,1.0
461,G235572,nucleus,0.0,0.0,0.0,4,0.0
462,G235573,nucleus,0.758813463,0.758813463,0.758813463,2,1.0
463,G235574,nucleus,0.670995274,0.670995274,0.670995274,24,1.0
464,G235575,ER,0.0,0.0,0.0,2,0.0
465,G235578,mitochondria,0.230581434,0.230581434,0.230581434,4,1.0
466,G235579,mitochondria,0.203074208,1.0,-0.796925792,2,2.0
467,G235580,mitochondria,0.342639674,0.342639674,0.342639674,3,1.0
468,G235581,cytoplasm,0.0,0.0,0.0,2,0.0
469,G235586,golgi,0.0,0.0,0.0,3,0.0
470,G235592,cytoskeleton,0.0,0.0,0.0,1,0.0
471,G235597,golgi,8.141152703,0.975900759,0.0,2,14.0
472,G235603,mitochondria,0.240096327,0.240096327,0.240096327,4,1.0
473,G235606,endosome,1.879695469,1.0,0.8796954690000001,15,2.0
474,G235607,golgi,1.200379763,0.7207382379999999,-0.007628053,2,5.0
475,G235610,cytoskeleton,1.921704762,1.0,0.921704762,2,2.0
476,G235615,mitochondria,-0.146451675,-0.146451675,-0.146451675,3,1.0
477,G235616,ER,0.732346536,0.732346536,0.732346536,4,1.0
478,G235617,vacuole,0.656939742,0.656939742,0.656939742,2,1.0
479,G235619,nucleus,1.437876578,0.864206259,-0.317344979,4,4.0
480,G235620,nucleus,0.030145906,0.030145906,0.030145906,2,1.0
481,G235621,nucleus,0.430029369,0.668639075,-0.237370915,2,3.0
482,G235624,nucleus,0.419970971,0.306322366,0.113648605,2,2.0
483,G235625,vacuole,-0.044555286,0.073936815,-0.118492101,12,2.0
484,G235626,cytoplasm,3.095217897,0.956020117,-0.14619638,2,6.0
485,G235627,transport vesicles,0.0,0.0,0.0,3,0.0
486,G235628,nucleus,0.0,0.0,0.0,16,0.0
487,G235629,nucleus,0.0,0.0,0.0,4,0.0
488,G235630,cytoplasm,-0.77404057,-0.77404057,-0.77404057,2,1.0
489,G235631,nucleus,0.0,0.0,0.0,2,0.0
490,G235632,cytoplasm,0.0,0.0,0.0,9,0.0
491,G235634,transport vesicles,0.8555673770000001,0.8555673770000001,0.8555673770000001,4,1.0
492,G235636,nucleus,-0.448142193,-0.448142193,-0.448142193,3,1.0
493,G235637,cytoplasm,0.0,0.0,0.0,2,0.0
494,G235639,nucleus,0.0,0.0,0.0,2,0.0
495,G235640,peroxisome,0.0,0.0,0.0,3,0.0
496,G235648,cytoskeleton,1.338043844,1.0,0.338043844,4,2.0
497,G235649,nucleus,0.7526821149999999,0.434735933,0.317946182,4,2.0
498,G235652,nucleus,0.932877998,0.932877998,0.932877998,2,1.0
499,G235653,cytoskeleton,0.0,0.0,0.0,9,0.0
500,G235654,cytoplasm,0.908702754,0.908702754,0.908702754,2,1.0
501,G235655,plasma membrane,-0.0124760859999999,0.080963139,-0.093439225,8,2.0
502,G235664,cytoplasm,0.0,0.0,0.0,12,0.0
503,G235667,cytoskeleton,0.0,0.0,0.0,2,0.0
504,G235672,transport vesicles,0.0,0.0,0.0,2,0.0
505,G235677,nucleus,3.167335426,0.946637914,-0.352199489,3,5.0
506,G235680,nucleus,0.0,0.0,0.0,3,0.0
507,G235681,ER,0.0,0.0,0.0,2,0.0
508,G235683,nucleus,-0.276794328,-0.276794328,-0.276794328,3,1.0
509,G235687,cytoplasm,0.0,0.0,0.0,9,4.0
510,G235688,nucleus,0.0,0.0,0.0,3,0.0
511,G235689,nucleus,0.010223965,0.010223965,0.010223965,2,1.0
512,G235690,cytoplasm,1.0,1.0,1.0,3,1.0
513,G235692,nucleus,0.685858959,0.685858959,0.685858959,2,1.0
514,G235693,cytoskeleton,0.5730749470000001,0.5730749470000001,0.5730749470000001,6,1.0
515,G235697,nucleus,0.7038725159999999,0.7038725159999999,0.7038725159999999,6,1.0
516,G235699,nucleus,0.810314475,0.6697014929999999,0.140612982,2,2.0
517,G235701,nucleus,1.0,1.0,1.0,2,1.0
518,G235703,ER,0.0,0.0,0.0,2,0.0
519,G235706,nucleus,0.0,0.0,0.0,9,0.0
520,G235711,nucleus,-0.02250644,-0.02250644,-0.02250644,2,1.0
521,G235712,nucleus,0.0,0.0,0.0,2,0.0
522,G235715,cytoplasm,0.0,0.0,0.0,2,0.0
523,G235716,ER,0.7451413,0.7451413,0.7451413,3,1.0
524,G235717,nucleus,-1.071614468,-0.144735101,-0.707244656,4,3.0
525,G235718,nucleus,1.172971554,1.0,0.1729715539999999,2,2.0
526,G235723,transport vesicles,-0.210741926,-0.210741926,-0.210741926,3,1.0
527,G235724,cytoskeleton,-0.275187519,-0.275187519,-0.275187519,6,1.0
528,G235725,nucleus,0.0,0.0,0.0,8,0.0
529,G235726,mitochondria,0.461798578,0.461798578,0.461798578,4,1.0
530,G235728,golgi,2.272562219,0.7479132359999999,0.0,2,5.0
531,G235729,nucleus,1.273375998,1.0,0.273375998,12,2.0
532,G235733,vacuole,0.782093536,0.782093536,0.782093536,9,1.0
533,G235735,nucleus,1.962387885,0.6719354820000001,0.359987157,4,4.0
534,G235737,cytoplasm,0.0,0.0,0.0,2,0.0
535,G235741,cytoplasm,1.6865732109999998,1.0,0.6865732109999999,3,2.0
536,G235744,nucleus,0.0,0.0,0.0,2,0.0
537,G235749,cytoplasm,4.698698324,0.988432265,0.886005312,2,5.0
538,G235750,nucleus,0.477779109,0.477779109,0.477779109,4,1.0
539,G235754,nucleus,0.0,0.0,0.0,2,0.0
540,G235756,cytoplasm,0.938279092,0.938279092,0.938279092,3,1.0
541,G235758,cytoplasm,0.806216553,0.806216553,0.806216553,2,1.0
542,G235759,mitochondria,-0.720582088,-0.720582088,-0.720582088,4,1.0
543,G235762,nucleus,1.0,1.0,1.0,2,1.0
544,G235763,nucleus,0.0,0.0,0.0,4,0.0
545,G235765,mitochondria,0.0,0.0,0.0,4,0.0
546,G235766,cytoskeleton,1.6485209769999998,0.919603476,0.728917501,8,2.0
547,G235769,cytoskeleton,0.0,0.0,0.0,18,0.0
548,G235772,nucleus,-0.6154962860000001,0.029959947,-0.532738745,6,3.0
549,G235776,nucleus,0.92055883,0.92055883,0.92055883,3,1.0
550,G235780,nucleus,2.173435456,0.8432851729999999,0.487390318,20,3.0
551,G235781,cytoskeleton,1.0,1.0,1.0,10,1.0
552,G235782,cytoplasm,0.0,0.0,0.0,2,0.0
553,G235785,nucleus,0.532955317,0.532955317,0.532955317,18,1.0
554,G235788,transport vesicles,0.0,0.0,0.0,6,0.0
555,G235793,nucleus,0.7214856959999999,0.7214856959999999,0.7214856959999999,4,1.0
556,G235796,mitochondria,0.632656896,0.632656896,0.632656896,4,1.0
557,G235801,nucleus,0.0,0.0,0.0,48,0.0
558,G235802,nucleus,0.464851814,0.50036503,-0.409014525,32,3.0
559,G235803,nucleus,0.0,0.0,0.0,6,0.0
560,G235809,cytoskeleton,0.0,0.0,0.0,2,0.0
561,G235810,nucleus,1.3298258509999998,0.8125881770000001,0.517237674,2,2.0
562,G235815,nucleus,2.049290121,0.770832863,0.581459954,2,3.0
563,G235816,cytoplasm,0.821325938,0.821325938,0.821325938,2,1.0
564,G235817,cytoplasm,0.281840173,0.853267821,-0.571427648,6,2.0
565,G235819,nucleus,0.955675241,0.955675241,0.955675241,18,1.0
566,G235820,vacuole,1.5903061040000002,0.928329164,-0.001545772,9,3.0
567,G235821,mitochondria,0.779728843,0.779728843,0.779728843,4,1.0
568,G235826,cytoplasm,0.0,0.0,0.0,2,0.0
569,G235827,ER,0.0,0.0,0.0,6,0.0
570,G235828,ER,0.0,0.0,0.0,3,0.0
571,G235830,nucleus,1.2319061260000002,0.516167763,0.060247951,6,4.0
572,G235832,vacuole,0.6043128849999999,0.5922614079999999,0.012051477,6,2.0
573,G235833,nucleus,0.0,0.0,0.0,3,0.0
574,G235834,golgi,0.064862323,0.064862323,0.064862323,2,1.0
575,G235835,cytoskeleton,1.5425615639999997,0.854581177,-0.390393857,4,6.0
576,G235838,mitochondria,0.0,0.0,0.0,4,0.0
577,G235842,nucleus,0.0,0.0,0.0,2,0.0
578,G235843,cytoplasm,0.0,0.0,0.0,2,0.0
579,G235844,cytoskeleton,0.057379353,0.057379353,0.0,12,2.0
580,G235846,nucleus,0.0,0.0,0.0,2,0.0
581,G235853,nucleus,0.7803366740000001,0.7803366740000001,0.7803366740000001,4,1.0
582,G235854,cytoskeleton,0.0,0.0,0.0,6,0.0
583,G235856,cytoskeleton,0.8824237079999999,0.584223416,0.298200292,2,2.0
584,G235859,cytoplasm,0.0,0.0,0.0,2,0.0
585,G235862,transport vesicles,0.0,0.0,0.0,3,0.0
586,G235863,mitochondria,-0.4359295,-0.4359295,-0.4359295,2,1.0
587,G235865,nucleus,0.0,0.0,0.0,2,0.0
588,G235866,cytoplasm,4.690406438,1.0,0.88100591,9,5.0
589,G235867,nucleus,0.0,0.0,0.0,2,0.0
590,G235871,cytoplasm,0.4652004420000001,0.4652004420000001,0.4652004420000001,2,1.0
591,G235872,transport vesicles,0.6163397660000001,0.6163397660000001,0.6163397660000001,2,1.0
592,G235874,nucleus,0.0,0.0,0.0,4,0.0
593,G235876,mitochondria,0.0,0.0,0.0,8,0.0
594,G235881,nucleus,0.0,0.0,0.0,2,0.0
595,G235885,cytoplasm,0.8324717340000001,1.0,-0.167528266,4,2.0
596,G235889,cytoplasm,0.0,0.0,0.0,2,0.0
597,G235892,cytoskeleton,0.920583217,0.920583217,0.920583217,3,1.0
598,G235897,cytoplasm,0.0,0.0,0.0,2,0.0
599,G235899,cytoplasm,0.0,0.0,0.0,6,0.0
600,G235905,cytoskeleton,0.0,0.0,0.0,4,0.0
601,G235906,transport vesicles,0.0,0.0,0.0,8,0.0
602,G235912,cytoplasm,0.0,0.0,0.0,2,0.0
603,G235914,nucleus,0.0,0.0,0.0,2,0.0
604,G235922,mitochondria,0.0,0.0,0.0,4,1.0
605,G235924,golgi,-0.065316347,-0.065316347,-0.065316347,12,1.0
606,G235926,cytoplasm,0.0,0.0,0.0,2,0.0
607,G235930,nucleus,0.981839385,0.557611392,0.424227993,3,2.0
608,G235972,cytoplasm,0.57150429,0.57150429,0.57150429,2,1.0
609,G235995,ER,1.739753561,0.904362729,0.8353908320000001,3,2.0
610,G235998,mitochondria,0.0,0.0,0.0,4,0.0
611,G236022,nucleus,0.259940095,0.259940095,0.259940095,1,1.0
612,G236045,mitochondria,0.0,0.0,0.0,4,0.0
613,G236047,cytoplasm,0.800386108,0.800386108,0.800386108,2,1.0
614,G236063,cytoplasm,0.883565479,0.477325142,0.406240337,2,2.0
615,G236068,peroxisome,1.5640179419999998,0.8598819670000001,0.0,3,3.0
616,G236081,extracellular,0.0,0.0,0.0,9,0.0
617,G236084,nucleus,0.0,0.0,0.0,4,0.0
618,G236085,extracellular,0.229246213,0.229246213,0.229246213,2,1.0
619,G236096,nucleus,0.0,0.0,0.0,2,0.0
620,G236111,cytoskeleton,4.918991433,0.879428942,0.45596097,6,7.0
621,G236116,cell wall,0.0,0.0,0.0,3,0.0
622,G236121,ER,0.368532626,0.368532626,0.368532626,2,1.0
623,G236147,golgi,0.350306556,0.350306556,0.350306556,2,1.0
624,G236152,cytoplasm,0.0,0.0,0.0,3,0.0
625,G236154,golgi,0.0,0.0,0.0,3,0.0
626,G236161,cytoplasm,0.0,0.0,0.0,12,0.0
627,G236167,nucleus,0.940498107,0.940498107,0.940498107,3,1.0
628,G236176,nucleus,0.0,0.0,0.0,1,0.0
629,G236194,nucleus,0.0,0.0,0.0,12,0.0
630,G236206,cytoplasm,0.0,0.0,0.0,3,1.0
631,G236210,golgi,0.0,0.0,0.0,1,0.0
632,G236244,nucleus,0.0,0.0,0.0,2,0.0
633,G236268,mitochondria,0.0,0.0,0.0,2,0.0
634,G236280,mitochondria,0.0,0.0,0.0,3,0.0
635,G236325,nucleus,0.0,0.0,0.0,2,0.0
636,G236336,mitochondria,1.7027933110000002,0.886231442,0.816561869,4,2.0
637,G236351,nucleus,0.5343729070000001,0.5343729070000001,0.5343729070000001,2,1.0
638,G236356,nucleus,0.0,0.0,0.0,2,0.0
639,G236363,nucleus,0.0,0.0,0.0,2,0.0
640,G236399,cytoskeleton,0.0,0.0,0.0,9,0.0
641,G236406,golgi,0.0,0.0,0.0,2,0.0
642,G236456,mitochondria,0.0,0.0,0.0,3,0.0
643,G236462,nucleus,0.0,0.0,0.0,2,0.0
644,G236479,nucleus,0.439715308,0.439715308,0.439715308,1,1.0
645,G236496,nucleus,0.0,0.0,0.0,4,0.0
646,G236506,cytoplasm,0.8672379590000001,0.8672379590000001,0.8672379590000001,15,1.0
647,G236509,nucleus,0.762737731,0.762737731,0.762737731,1,1.0
648,G236546,nucleus,0.0,0.0,0.0,2,0.0
649,G236576,mitochondria,0.317946182,0.317946182,0.317946182,1,1.0
650,G236578,cytoskeleton,-0.641252753,-0.641252753,-0.641252753,2,1.0
651,G236589,mitochondria,0.8209542040000001,0.8209542040000001,0.8209542040000001,3,1.0
652,G236607,cytoplasm,0.8922230179999999,0.8922230179999999,0.8922230179999999,4,1.0
653,G236626,cytoplasm,0.0,0.0,0.0,2,0.0
654,G236683,cytoplasm,0.182125492,0.182125492,0.182125492,2,1.0
655,G236701,nucleus,-1.19045896,-0.58148578,-0.60897318,1,2.0
656,G236702,ER,0.678607255,0.678607255,0.678607255,2,1.0
657,G236730,nucleus,-0.307607327,-0.307607327,-0.307607327,4,1.0
658,G236733,mitochondria,0.0,0.0,0.0,2,0.0
659,G236745,nucleus,0.448967961,0.448967961,0.448967961,2,1.0
660,G236817,nucleus,0.0,0.0,0.0,1,0.0
661,G236825,nucleus,0.0,0.0,0.0,1,0.0
662,G236869,golgi,0.0,0.0,0.0,2,0.0
663,G236895,nucleus,-0.499071749,-0.499071749,-0.499071749,6,1.0
664,G236913,vacuole,0.0,0.0,0.0,6,0.0
665,G236933,nucleus,0.0,0.0,0.0,1,0.0
666,G236954,plasma membrane,-0.4554289929999999,-0.161046699,-0.294382294,16,2.0
667,G236965,endosome,0.795952223,0.795952223,0.795952223,2,1.0
668,G236991,plasma membrane,1.0,1.0,1.0,4,1.0
669,G237021,nucleus,0.183142906,0.7526071390000001,-0.477888264,8,3.0
670,G237038,golgi,0.0,0.0,0.0,24,0.0
671,G237105,golgi,0.0,0.0,0.0,2,0.0
672,G237120,plasma membrane,0.0,0.0,0.0,3,0.0
673,G237123,nucleus,0.0,0.0,0.0,2,0.0
674,G237134,ER,0.0,0.0,0.0,9,0.0
675,G237140,nucleus,0.0,0.0,0.0,1,0.0
676,G237142,cytoskeleton,1.320340585,0.66368329,0.0,6,3.0
677,G237160,nucleus,0.0,0.0,0.0,2,0.0
678,G237203,cytoskeleton,-0.044015732,0.029493633,-0.073509365,2,2.0
679,G237213,cytoskeleton,0.0,0.0,0.0,6,0.0
680,G237228,cytoskeleton,1.462041283,0.778151653,0.68388963,4,2.0
681,G237243,plasma membrane,0.0,0.0,0.0,3,0.0
682,G237261,nucleus,1.5280091419999997,0.7819167709999999,0.7460923709999999,2,2.0
683,G237333,plasma membrane,-0.1310545659999999,-0.1310545659999999,-0.1310545659999999,6,1.0
684,G237335,plasma membrane,0.0,0.0,0.0,1,0.0
685,G237345,nucleus,0.0,0.0,0.0,2,0.0
686,G237391,cytoplasm,1.812121539,0.964089932,0.279396193,4,3.0
687,G237463,cytoskeleton,0.071302332,0.610119492,-0.53881716,15,2.0
688,G237467,mitochondria,-1.809944339,-0.863260823,-0.946683516,1,2.0
689,G237469,golgi,1.174732196,0.626089899,0.548642297,2,2.0
690,G237495,mitochondria,0.0,0.0,0.0,9,0.0
691,G237509,cytoplasm,1.622411952,0.937991552,0.088579707,2,4.0
692,G237524,cytoskeleton,0.15446136,0.42774363,-0.27328227,3,2.0
693,G237561,mitochondria,-0.718860651,-0.718860651,-0.718860651,2,1.0
694,G237575,transport vesicles,0.353129812,0.353129812,0.353129812,2,1.0
695,G237577,ER,0.593118632,0.593118632,0.593118632,3,1.0
696,G237594,mitochondria,0.6770269809999999,0.6770269809999999,0.6770269809999999,6,1.0
697,G237598,ER,0.935393161,0.628306536,0.0,2,3.0
698,G237617,cytoplasm,1.0,1.0,1.0,8,1.0
699,G237624,nucleus,0.0,0.0,0.0,2,0.0
700,G237630,ER,0.575267228,0.741966448,-0.257835916,4,5.0
701,G237661,cytoplasm,0.0,0.0,0.0,2,0.0
702,G237663,mitochondria,0.0,0.0,0.0,1,0.0
703,G237674,nucleus,0.0,0.0,0.0,2,0.0
704,G237702,cytoplasm,0.0,0.0,0.0,1,0.0
705,G237732,nucleus,0.0,0.0,0.0,2,0.0
706,G237743,nucleus,-0.4933236860000001,0.1441530359999999,-0.637476722,6,2.0
707,G237760,ER,0.0,0.0,0.0,12,1.0
708,G237778,cytoplasm,0.0,0.0,0.0,2,0.0
709,G237803,golgi,-0.484879782,-0.484879782,-0.484879782,3,1.0
710,G237824,endosome,0.0,0.0,0.0,3,0.0
711,G237833,cytoplasm,-0.027906586,-0.027906586,-0.027906586,3,1.0
712,G237843,cytoplasm,0.0,0.0,0.0,2,0.0
713,G237845,mitochondria,-0.39099143,-0.39099143,-0.39099143,4,1.0
714,G237857,vacuole,-0.005715852,-0.005715852,-0.005715852,6,1.0
715,G237865,vacuole,0.6673346960000001,0.394436119,0.272898577,6,2.0
716,G237879,nucleus,0.0,0.0,0.0,4,0.0
717,G237884,mitochondria,1.0,1.0,1.0,2,1.0
718,G237892,peroxisome,0.8533770009999999,0.8533770009999999,0.8533770009999999,3,1.0
719,G237896,cytoplasm,0.0,0.0,0.0,3,0.0
720,G237916,cytoplasm,0.8640341859999999,0.8640341859999999,0.8640341859999999,1,1.0
721,G237936,plasma membrane,0.0,0.0,0.0,6,0.0
722,G237945,cytoplasm,0.0,0.0,0.0,2,0.0
723,G237969,ER,0.0,0.0,0.0,2,0.0
724,G237982,cytoplasm,0.0,0.0,0.0,6,0.0
725,G238014,peroxisome,0.0,0.0,0.0,8,0.0
726,G238024,golgi,-0.7991667659999999,-0.21832131,-0.580845456,2,2.0
727,G238033,ER,0.0,0.0,0.0,6,0.0
728,G238035,ER,0.7032422559999999,0.7032422559999999,0.7032422559999999,2,1.0
729,G238049,mitochondria,0.0,0.0,0.0,2,0.0
730,G238061,plasma membrane,1.03140745,0.83212726,0.19928019,6,2.0
731,G238069,mitochondria,0.0,0.0,0.0,12,0.0
732,G238102,mitochondria,0.0,0.0,0.0,4,0.0
733,G238117,nucleus,0.032440557,0.032440557,0.032440557,2,1.0
734,G238136,nucleus,0.0,0.0,0.0,6,0.0
735,G238149,nucleus,0.0,0.0,0.0,3,0.0
736,G238172,lipid particles,0.0,0.0,0.0,2,0.0
737,G238190,cytoplasm,0.892128037,0.892128037,0.892128037,4,1.0
738,G238191,nucleus,0.495625085,0.495625085,0.495625085,12,1.0
739,G238195,cytoplasm,0.327655764,0.327655764,0.327655764,2,1.0
740,G238234,nucleus,0.0,0.0,0.0,4,0.0
741,G238235,mitochondria,0.784481276,0.784481276,0.784481276,3,1.0
742,G238238,cytoplasm,0.0,0.0,0.0,3,0.0
743,G238282,ER,0.0,0.0,0.0,2,0.0
744,G238295,nucleus,0.0,0.0,0.0,2,0.0
745,G238307,nucleus,0.0,0.0,0.0,2,0.0
746,G238387,cytoplasm,0.0,0.0,0.0,2,0.0
747,G238391,nucleus,0.762737731,0.762737731,0.762737731,2,1.0
748,G238392,cytoskeleton,0.0,0.0,0.0,4,0.0
749,G238415,nucleus,0.0,0.0,0.0,3,0.0
750,G238448,cytoplasm,0.0,0.0,0.0,3,0.0
751,G238472,nucleus,1.0,1.0,1.0,2,1.0
752,G238498,ER,-0.329997737,-0.329997737,-0.329997737,6,1.0
753,G238510,nucleus,0.7027168570000001,0.450063781,0.252653076,1,2.0
754,G238527,ER,0.0,0.0,0.0,3,0.0
755,G238540,nucleus,0.0,0.0,0.0,2,0.0
756,G238564,nucleus,0.0,0.0,0.0,8,0.0
757,G238567,cytoskeleton,0.6424851770000001,0.6424851770000001,0.6424851770000001,4,1.0
758,G238610,cytoskeleton,0.0,0.0,0.0,2,1.0
759,G238621,peroxisome,2.68497176,1.0,0.0,3,4.0
760,G238637,nucleus,3.485324582,0.882041706,-0.025407772,2,7.0
761,G238640,cytoskeleton,0.644930661,0.644930661,0.644930661,2,1.0
762,G238643,nucleus,0.0,0.0,0.0,4,0.0
763,G238677,nucleus,0.707119519,0.707119519,0.707119519,5,1.0
764,G238695,mitochondria,0.11229754,0.11229754,0.11229754,4,1.0
765,G238704,nucleus,-0.663881462,-0.325546482,-0.33833498,1,2.0
766,G238715,nucleus,0.7710169240000001,0.845034905,-0.074017981,6,2.0
767,G238740,nucleus,0.0,0.0,0.0,2,1.0
768,G238760,nucleus,0.0,0.0,0.0,1,0.0
769,G238786,golgi,0.246903545,0.246903545,0.246903545,10,1.0
770,G238789,nucleus,0.0,0.0,0.0,2,0.0
771,G238793,nucleus,0.0,0.0,0.0,2,0.0
772,G238857,ER,0.0,0.0,0.0,4,0.0
773,G238885,cytoplasm,0.0,0.0,0.0,2,0.0
774,G238891,ER,0.0,0.0,0.0,12,0.0
775,G238895,cytoplasm,0.0,0.0,0.0,3,0.0
776,G238916,ER,0.847284247,0.847284247,0.847284247,3,1.0
777,G238928,mitochondria,0.158555549,0.158555549,0.158555549,3,1.0
778,G238933,nucleus,0.0,0.0,0.0,1,0.0
779,G238935,ER,0.581089536,0.581089536,0.581089536,6,1.0
780,G238942,mitochondria,0.0,0.0,0.0,2,0.0
781,G238946,cytoplasm,1.0,1.0,1.0,2,1.0
782,G238954,integral membrane,1.0,1.0,1.0,1,1.0
783,G238968,cytoplasm,0.426586935,0.426586935,0.426586935,2,1.0
784,G238990,ER,0.256256121,0.256256121,0.256256121,4,1.0
785,G239008,nucleus,0.822101655,0.761056162,0.061045493,3,2.0
786,G239010,nucleus,2.590525727,1.0,-0.6544138860000001,3,6.0
787,G239017,nucleus,0.0,0.0,0.0,2,0.0
788,G239037,mitochondria,0.0,0.0,0.0,1,0.0
789,G239048,nucleus,1.0,1.0,1.0,2,1.0
790,G239063,nucleus,0.0,0.0,0.0,2,0.0
791,G239098,peroxisome,0.743642508,0.743642508,0.743642508,3,1.0
792,G239101,cytoplasm,1.0,1.0,1.0,2,1.0
793,G239123,nucleus,0.0,0.0,0.0,1,0.0
794,G239178,nucleus,1.244344673,1.0,0.244344673,8,2.0
795,G239186,nucleus,0.0,0.0,0.0,2,0.0
796,G239188,mitochondria,0.0,0.0,0.0,12,0.0
797,G239196,nucleus,0.0,0.0,0.0,12,0.0
798,G239223,cytoplasm,-0.080975715,-0.080975715,-0.080975715,4,1.0
799,G239247,cytoplasm,0.0,0.0,0.0,2,0.0
800,G239266,cytoplasm,4.428819862,0.8308713659999999,0.676839746,3,6.0
801,G239294,cytoplasm,0.0,0.0,0.0,3,1.0
802,G239316,cytoplasm,0.0,0.0,0.0,6,0.0
803,G239321,golgi,-0.38027868,-0.38027868,-0.38027868,8,1.0
804,G239341,golgi,0.4894412370000001,1.0,-0.292237453,2,3.0
805,G239392,cytoplasm,0.0,0.0,0.0,6,0.0
806,G239393,peroxisome,0.0,0.0,0.0,6,0.0
807,G239420,mitochondria,0.0,0.0,0.0,2,0.0
808,G239428,cytoplasm,2.535409807,0.724517344,0.483882289,3,4.0
809,G239438,nucleus,0.0,0.0,0.0,3,0.0
810,G239467,nucleus,-0.190602973,0.7230512659999999,-0.483302361,2,3.0
811,G239476,nucleus,0.0,0.0,0.0,4,0.0
812,G239488,ER,0.0,0.0,0.0,3,0.0
813,G239523,peroxisome,0.0,0.0,0.0,2,1.0
814,G239536,cytoplasm,0.0,0.0,0.0,9,0.0
815,G239544,cytoplasm,1.0,1.0,1.0,4,1.0
816,G239626,mitochondria,-0.021232402,-0.021232402,-0.021232402,2,1.0
817,G239628,nucleus,-1.224359947,0.07497327,-0.7144599690000001,2,3.0
818,G239640,golgi,0.0,0.0,0.0,3,0.0
819,G239653,nucleus,-0.234335757,-0.234335757,-0.234335757,6,1.0
820,G239672,mitochondria,-0.154090021,-0.154090021,-0.154090021,5,1.0
821,G239673,cytoplasm,4.3782809170000005,0.8593603809999999,0.0,24,8.0
822,G239711,plasma membrane,-0.202081146,-0.202081146,-0.202081146,2,1.0
823,G239733,nucleus,0.0,0.0,0.0,3,0.0
824,G239770,cytoplasm,0.0,0.0,0.0,2,0.0
825,G239777,mitochondria,0.0,0.0,0.0,4,0.0
826,G239782,nucleus,0.0,0.0,0.0,2,0.0
827,G239789,cytoplasm,0.0,0.0,0.0,4,0.0
828,G239804,nucleus,1.837348621,0.9393732,0.8979754209999999,4,2.0
829,G239832,cytoplasm,0.0,0.0,0.0,2,0.0
830,G239837,cytoplasm,0.0,0.0,0.0,2,0.0
831,G239853,integral membrane,0.0,0.0,0.0,1,0.0
832,G239877,nucleus,0.0,0.0,0.0,8,0.0
833,G239882,mitochondria,0.0,0.0,0.0,4,0.0
834,G239950,nucleus,0.0,0.0,0.0,3,0.0
835,G239952,ER,0.0,0.0,0.0,2,0.0
836,G239965,cytoplasm,-0.337207461,0.212337482,-0.549544943,1,2.0
837,G239966,cytoplasm,0.0,0.0,0.0,1,0.0
838,G239975,nucleus,0.902129907,0.902129907,0.902129907,3,1.0
839,G239976,nucleus,0.846469013,0.846469013,0.846469013,2,1.0
840,G239986,nucleus,0.0,0.0,0.0,2,0.0
841,G240012,cytoplasm,0.0,0.0,0.0,4,0.0
842,G240017,nucleus,0.0,0.0,0.0,6,0.0
843,G240030,plasma membrane,0.0,0.0,0.0,3,0.0
844,G240032,peroxisome,0.0,0.0,0.0,2,0.0
845,G240043,cytoplasm,0.68881478,0.68881478,0.68881478,4,1.0
846,G240048,cytoplasm,0.0,0.0,0.0,4,0.0
847,G240065,cytoplasm,2.6981344710000004,0.905905949,-0.6528786999999999,2,7.0
848,G240099,cytoplasm,0.0,0.0,0.0,2,0.0
849,G240271,nucleus,0.0,0.0,0.0,2,0.0
850,G240292,cytoplasm,0.0,0.0,0.0,2,0.0
851,G240301,vacuole,0.0,0.0,0.0,8,0.0
852,G240303,nucleus,-0.36216862,-0.36216862,-0.36216862,8,1.0
853,G240323,mitochondria,0.0,0.0,0.0,3,0.0
854,G240337,nucleus,-0.508882033,-0.508882033,-0.508882033,4,1.0
855,G240346,ER,1.0,1.0,1.0,2,1.0
856,G240400,cytoplasm,1.6689991590000002,0.881404827,0.7875943320000001,15,2.0
857,G240410,cytoplasm,1.5051865830000002,1.0,0.220155279,2,3.0
858,G240468,cytoplasm,0.0,0.0,0.0,2,0.0
859,G240490,nucleus,0.0,0.0,0.0,2,0.0
860,G240494,cytoplasm,0.0,0.0,0.0,2,0.0
861,G240504,cytoplasm,0.798424307,0.798424307,0.798424307,2,1.0
