,GeneID1_GeneID2,GeneID1,GeneID2,Type,Expression_Corr,add_numerical
0,G234064_G234126,G234064,G234126,Genetic-Physical,0.914095071,0.914095071
1,G234064_G235065,G234064,G235065,Genetic-Physical,0.751584888,0.751584888
2,G234065_G234371,G234065,G234371,Genetic,0.823773738,0.823773738
3,G234065_G234854,G234065,G234854,Physical,0.939001091,0.939001091
4,G234073_G234065,G234073,G234065,Physical,0.749192312,0.749192312
5,G234073_G234084,G234073,G234084,Genetic,0.611960418,0.611960418
6,G234073_G234700,G234073,G234700,Physical,0.596091968,0.596091968
7,G234073_G234854,G234073,G234854,Physical,0.54176406,0.54176406
8,G234073_G237843,G234073,G237843,Genetic,0.511455844,0.511455844
9,G234073_G239976,G234073,G239976,Physical,0.358223557,0.358223557
10,G234074_G234465,G234074,G234465,Genetic-Physical,0.3891480020000001,0.3891480020000001
11,G234074_G234642,G234074,G234642,Genetic,0.7002015429999999,0.7002015429999999
12,G234074_G234735,G234074,G234735,Genetic-Physical,0.630195718,0.630195718
13,G234074_G234967,G234074,G234967,Physical,0.370059063,0.370059063
14,G234076_G234994,G234076,G234994,Physical,-0.536899911,-0.536899911
15,G234085_G235573,G234085,G235573,Physical,0.026929321,0.026929321
16,G234085_G235865,G234085,G235865,Physical,-0.108075014,-0.108075014
17,G234089_G234109,G234089,G234109,Genetic,0.7288042290000001,0.7288042290000001
18,G234093_G235490,G234093,G235490,Physical,-0.217734461,-0.217734461
19,G234100_G234932,G234100,G234932,Genetic,0.60127309,0.60127309
20,G234101_G234290,G234101,G234290,Physical,0.0,0.0
21,G234103_G234361,G234103,G234361,Genetic,-0.0641838,-0.0641838
22,G234103_G234529,G234103,G234529,Genetic,0.538658973,0.538658973
23,G234103_G235080,G234103,G235080,Physical,0.204707401,0.204707401
24,G234103_G235801,G234103,G235801,Genetic,0.456662382,0.456662382
25,G234103_G237936,G234103,G237936,Genetic,0.444015526,0.444015526
26,G234106_G234107,G234106,G234107,Physical,0.1777896769999999,0.1777896769999999
27,G234106_G234850,G234106,G234850,Physical,-0.0619765999999999,-0.0619765999999999
28,G234108_G235680,G234108,G235680,Physical,0.739646085,0.739646085
29,G234123_G234248,G234123,G234248,Genetic,-0.670313426,-0.670313426
30,G234139_G234139,G234139,G234139,Physical,1.0,1.0
31,G234141_G234341,G234141,G234341,Physical,0.833400501,0.833400501
32,G234141_G234458,G234141,G234458,Physical,-0.0834393309999999,-0.0834393309999999
33,G234141_G234533,G234141,G234533,Physical,0.564706878,0.564706878
34,G234141_G235358,G234141,G235358,Physical,-0.063634098,-0.063634098
35,G234167_G234317,G234167,G234317,Physical,0.307833642,0.307833642
36,G234167_G235469,G234167,G235469,Physical,0.8115515609999999,0.8115515609999999
37,G234167_G237213,G234167,G237213,Genetic,0.390550359,0.390550359
38,G234169_G234868,G234169,G234868,Physical,-0.661897802,-0.661897802
39,G234178_G235182,G234178,G235182,Physical,-0.5475104679999999,-0.5475104679999999
40,G234191_G234141,G234191,G234141,Physical,0.335777461,0.335777461
41,G234191_G234341,G234191,G234341,Physical,0.544900905,0.544900905
42,G234191_G234533,G234191,G234533,Physical,-0.32915143,-0.32915143
43,G234191_G235358,G234191,G235358,Physical,0.753626293,0.753626293
44,G234194_G235129,G234194,G235129,Genetic,0.331438725,0.331438725
45,G234194_G235213,G234194,G235213,Physical,0.299363986,0.299363986
46,G234194_G235229,G234194,G235229,Genetic-Physical,0.8399797940000001,0.8399797940000001
47,G234194_G239123,G234194,G239123,Physical,0.640012496,0.640012496
48,G234197_G234167,G234197,G234167,Genetic,0.692119522,0.692119522
49,G234197_G235781,G234197,G235781,Genetic,0.236679188,0.236679188
50,G234197_G235830,G234197,G235830,Genetic,0.266503991,0.266503991
51,G234197_G236399,G234197,G236399,Genetic,0.859871727,0.859871727
52,G234197_G237021,G234197,G237021,Genetic-Physical,-0.136867397,-0.136867397
53,G234202_G234522,G234202,G234522,Physical,0.081133204,0.081133204
54,G234202_G235426,G234202,G235426,Genetic,0.041493985,0.041493985
55,G234205_G234406,G234205,G234406,Genetic-Physical,0.1575916809999999,0.1575916809999999
56,G234212_G235080,G234212,G235080,Physical,0.426543857,0.426543857
57,G234214_G239986,G234214,G239986,Genetic,0.699865662,0.699865662
58,G234217_G236825,G234217,G236825,Physical,0.8940584490000001,0.8940584490000001
59,G234232_G234964,G234232,G234964,Genetic,-0.088350354,-0.088350354
60,G234240_G234830,G234240,G234830,Genetic,0.063124063,0.063124063
61,G234265_G234880,G234265,G234880,Genetic,0.6648756610000001,0.6648756610000001
62,G234265_G235803,G234265,G235803,Genetic,0.445403553,0.445403553
63,G234275_G235439,G234275,G235439,Physical,-0.347782909,-0.347782909
64,G234277_G240303,G234277,G240303,Physical,-0.3396371929999999,-0.3396371929999999
65,G234285_G234656,G234285,G234656,Physical,0.293070431,0.293070431
66,G234293_G234227,G234293,G234227,Genetic,0.288587542,0.288587542
67,G234317_G240303,G234317,G240303,Physical,-0.467022878,-0.467022878
68,G234323_G234201,G234323,G234201,Physical,-0.381871879,-0.381871879
69,G234334_G234334,G234334,G234334,Physical,1.0,1.0
70,G234334_G234368,G234334,G234368,Genetic,-0.101511546,-0.101511546
71,G234334_G234684,G234334,G234684,Genetic,0.567936255,0.567936255
72,G234334_G234839,G234334,G234839,Genetic,0.043443211,0.043443211
73,G234334_G235027,G234334,G235027,Genetic,-0.034695065,-0.034695065
74,G234334_G235034,G234334,G235034,Genetic,0.098180768,0.098180768
75,G234334_G235077,G234334,G235077,Genetic,0.5539747070000001,0.5539747070000001
76,G234334_G235407,G234334,G235407,Genetic,0.876620339,0.876620339
77,G234334_G235892,G234334,G235892,Genetic,-0.128716897,-0.128716897
78,G234334_G238540,G234334,G238540,Genetic,0.866809506,0.866809506
79,G234334_G239316,G234334,G239316,Genetic,0.222061914,0.222061914
80,G234334_G239976,G234334,G239976,Genetic,0.7004285509999999,0.7004285509999999
81,G234368_G234240,G234368,G234240,Genetic,0.930408711,0.930408711
82,G234368_G235034,G234368,G235034,Genetic,-0.359269654,-0.359269654
83,G234369_G234381,G234369,G234381,Physical,0.432263371,0.432263371
84,G234382_G235506,G234382,G235506,Physical,-0.7310812,-0.7310812
85,G234392_G235632,G234392,G235632,Genetic,0.769963486,0.769963486
86,G234413_G234935,G234413,G234935,Physical,0.233730921,0.233730921
87,G234413_G235763,G234413,G235763,Physical,0.220070971,0.220070971
88,G234416_G234468,G234416,G234468,Physical,0.225232063,0.225232063
89,G234418_G234564,G234418,G234564,Physical,-0.410653605,-0.410653605
90,G234430_G234702,G234430,G234702,Physical,0.646192903,0.646192903
91,G234430_G235530,G234430,G235530,Physical,-0.063563143,-0.063563143
92,G234444_G234085,G234444,G234085,Physical,0.246071261,0.246071261
93,G234444_G235573,G234444,G235573,Physical,0.774216943,0.774216943
94,G234444_G235865,G234444,G235865,Physical,0.272373818,0.272373818
95,G234445_G235379,G234445,G235379,Physical,0.867867073,0.867867073
96,G234445_G235400,G234445,G235400,Physical,0.629914074,0.629914074
97,G234469_G234334,G234469,G234334,Genetic,-0.060036564,-0.060036564
98,G234495_G234967,G234495,G234967,Physical,0.496259419,0.496259419
99,G234497_G234983,G234497,G234983,Genetic,0.7387058190000001,0.7387058190000001
100,G234497_G235490,G234497,G235490,Physical,-0.314559679,-0.314559679
101,G234505_G235165,G234505,G235165,Physical,-0.120551463,-0.120551463
102,G234505_G235874,G234505,G235874,Genetic,0.5459008120000001,0.5459008120000001
103,G234513_G234640,G234513,G234640,Genetic,0.041167317,0.041167317
104,G234513_G235490,G234513,G235490,Physical,0.246969418,0.246969418
105,G234516_G234227,G234516,G234227,Genetic,0.170731427,0.170731427
106,G234517_G234227,G234517,G234227,Genetic,-0.110120181,-0.110120181
107,G234522_G234868,G234522,G234868,Genetic,-0.26334011,-0.26334011
108,G234525_G235574,G234525,G235574,Genetic-Physical,0.708165539,0.708165539
109,G234533_G234863,G234533,G234863,Physical,0.8189041309999999,0.8189041309999999
110,G234535_G234413,G234535,G234413,Genetic-Physical,0.370669779,0.370669779
111,G234535_G234935,G234535,G234935,Genetic-Physical,0.606461157,0.606461157
112,G234535_G234936,G234535,G234936,Genetic-Physical,0.580657547,0.580657547
113,G234535_G235763,G234535,G235763,Physical,0.1253470069999999,0.1253470069999999
114,G234553_G234572,G234553,G234572,Genetic,0.89825121,0.89825121
115,G234553_G235301,G234553,G235301,Genetic,0.784398319,0.784398319
116,G234553_G235632,G234553,G235632,Genetic,0.865742582,0.865742582
117,G234562_G234636,G234562,G234636,Genetic,-0.362514673,-0.362514673
118,G234562_G235025,G234562,G235025,Genetic,0.028384044,0.028384044
119,G234563_G234862,G234563,G234862,Physical,0.522501665,0.522501665
120,G234572_G235301,G234572,G235301,Genetic,0.93271999,0.93271999
121,G234572_G235632,G234572,G235632,Genetic,0.75631333,0.75631333
122,G234581_G234103,G234581,G234103,Genetic,0.151881683,0.151881683
123,G234581_G236325,G234581,G236325,Genetic,0.0,0.0
124,G234581_G237105,G234581,G237105,Genetic,0.588783454,0.588783454
125,G234581_G237936,G234581,G237936,Genetic,-0.510902937,-0.510902937
126,G234586_G234586,G234586,G234586,Physical,1.0,1.0
127,G234606_G234326,G234606,G234326,Genetic,0.920671097,0.920671097
128,G234610_G235529,G234610,G235529,Physical,-0.7298692790000001,-0.7298692790000001
129,G234613_G234265,G234613,G234265,Genetic-Physical,0.52708281,0.52708281
130,G234635_G234124,G234635,G234124,Genetic,0.771810983,0.771810983
131,G234644_G238567,G234644,G238567,Physical,0.605186121,0.605186121
132,G234659_G234594,G234659,G234594,Genetic,-0.717091933,-0.717091933
133,G234659_G234659,G234659,G234659,Genetic-Physical,1.0,1.0
134,G234659_G235485,G234659,G235485,Physical,-0.545869278,-0.545869278
135,G234665_G235404,G234665,G235404,Physical,-0.5099797660000001,-0.5099797660000001
136,G234666_G235655,G234666,G235655,Genetic,0.8005751170000001,0.8005751170000001
137,G234681_G234586,G234681,G234586,Physical,0.290315206,0.290315206
138,G234681_G234681,G234681,G234681,Physical,1.0,1.0
139,G234681_G235463,G234681,G235463,Physical,0.241592767,0.241592767
140,G234684_G235077,G234684,G235077,Genetic,0.7410706909999999,0.7410706909999999
141,G234687_G234876,G234687,G234876,Genetic,0.531135785,0.531135785
142,G234692_G236496,G234692,G236496,Physical,0.832358145,0.832358145
143,G234715_G235874,G234715,G235874,Genetic,0.373344426,0.373344426
144,G234732_G235632,G234732,G235632,Genetic-Physical,0.593515711,0.593515711
145,G234733_G235042,G234733,G235042,Physical,0.8811715809999999,0.8811715809999999
146,G234735_G234212,G234735,G234212,Physical,0.340847808,0.340847808
147,G234746_G234330,G234746,G234330,Physical,0.596383498,0.596383498
148,G234746_G235159,G234746,G235159,Genetic-Physical,0.508740191,0.508740191
149,G234746_G235471,G234746,G235471,Genetic,0.7032236059999999,0.7032236059999999
150,G234754_G234065,G234754,G234065,Physical,0.691845712,0.691845712
151,G234754_G234096,G234754,G234096,Physical,-0.755516667,-0.755516667
152,G234754_G234360,G234754,G234360,Physical,-0.585197066,-0.585197066
153,G234754_G234700,G234754,G234700,Physical,0.8331484090000001,0.8331484090000001
154,G234754_G234754,G234754,G234754,Physical,1.0,1.0
155,G234754_G234860,G234754,G234860,Physical,-0.15539584,-0.15539584
156,G234754_G234943,G234754,G234943,Physical,0.809396517,0.809396517
157,G234754_G235042,G234754,G235042,Physical,-0.6571497789999999,-0.6571497789999999
158,G234763_G235624,G234763,G235624,Physical,-0.035975335,-0.035975335
159,G234763_G235655,G234763,G235655,Genetic,0.470959973,0.470959973
160,G234772_G235655,G234772,G235655,Genetic,-0.451020835,-0.451020835
161,G234779_G234392,G234779,G234392,Genetic-Physical,0.0,0.0
162,G234779_G235632,G234779,G235632,Genetic,0.0,0.0
163,G234786_G235129,G234786,G235129,Genetic,-0.180608731,-0.180608731
164,G234786_G235229,G234786,G235229,Genetic-Physical,0.939910092,0.939910092
165,G234787_G234227,G234787,G234227,Genetic,-0.3875232870000001,-0.3875232870000001
166,G234811_G234334,G234811,G234334,Genetic,0.127651916,0.127651916
167,G234811_G234779,G234811,G234779,Genetic,0.0,0.0
168,G234812_G234270,G234812,G234270,Physical,-0.145825626,-0.145825626
169,G234823_G234854,G234823,G234854,Genetic,-0.6967672140000001,-0.6967672140000001
170,G234823_G235042,G234823,G235042,Genetic,0.882405015,0.882405015
171,G234824_G234073,G234824,G234073,Genetic,-0.186991408,-0.186991408
172,G234824_G235044,G234824,G235044,Genetic,0.297068506,0.297068506
173,G234824_G237843,G234824,G237843,Genetic,-0.758373594,-0.758373594
174,G234830_G234542,G234830,G234542,Genetic,0.258710106,0.258710106
175,G234839_G235892,G234839,G235892,Physical,0.743719262,0.743719262
176,G234849_G234107,G234849,G234107,Physical,0.6499683270000001,0.6499683270000001
177,G234849_G234549,G234849,G234549,Genetic,0.498144529,0.498144529
178,G234849_G234850,G234849,G234850,Physical,0.527477368,0.527477368
179,G234850_G234549,G234850,G234549,Genetic,0.671832167,0.671832167
180,G234863_G234744,G234863,G234744,Physical,-0.345456419,-0.345456419
181,G234867_G234894,G234867,G234894,Physical,0.679192197,0.679192197
182,G234867_G235086,G234867,G235086,Genetic-Physical,0.945980613,0.945980613
183,G234890_G234890,G234890,G234890,Physical,1.0,1.0
184,G234894_G235086,G234894,G235086,Physical,0.797592713,0.797592713
185,G234895_G234240,G234895,G234240,Genetic,-0.706311492,-0.706311492
186,G234895_G235035,G234895,G235035,Genetic,0.474741056,0.474741056
187,G234906_G234533,G234906,G234533,Physical,0.574722715,0.574722715
188,G234914_G234980,G234914,G234980,Genetic,0.915563826,0.915563826
189,G234914_G235131,G234914,G235131,Genetic,0.867341503,0.867341503
190,G234914_G235874,G234914,G235874,Genetic,0.744300229,0.744300229
191,G234915_G234102,G234915,G234102,Physical,-0.111404792,-0.111404792
192,G234918_G234860,G234918,G234860,Physical,-0.515443375,-0.515443375
193,G234926_G234591,G234926,G234591,Physical,-0.301378981,-0.301378981
194,G234933_G235652,G234933,G235652,Physical,-0.672788843,-0.672788843
195,G234934_G235379,G234934,G235379,Physical,0.72065352,0.72065352
196,G234934_G235425,G234934,G235425,Physical,0.906514059,0.906514059
197,G234935_G234445,G234935,G234445,Physical,-0.460856268,-0.460856268
198,G234935_G235329,G234935,G235329,Physical,0.497814721,0.497814721
199,G234935_G235763,G234935,G235763,Physical,0.124463385,0.124463385
200,G234935_G235859,G234935,G235859,Physical,-0.00360252,-0.00360252
201,G234935_G239966,G234935,G239966,Physical,-0.081344998,-0.081344998
202,G234936_G234413,G234936,G234413,Genetic-Physical,0.03137217,0.03137217
203,G234936_G234935,G234936,G234935,Genetic-Physical,0.840178841,0.840178841
204,G234936_G235763,G234936,G235763,Physical,0.466474583,0.466474583
205,G234949_G234296,G234949,G234296,Genetic,0.972494716,0.972494716
206,G234953_G234533,G234953,G234533,Physical,0.8487387590000001,0.8487387590000001
207,G234954_G235780,G234954,G235780,Genetic,0.913865546,0.913865546
208,G234955_G235324,G234955,G235324,Genetic,0.391697051,0.391697051
209,G234959_G234368,G234959,G234368,Genetic-Physical,0.605126425,0.605126425
210,G234964_G234554,G234964,G234554,Genetic,0.287834569,0.287834569
211,G234967_G234538,G234967,G234538,Physical,0.6037542920000001,0.6037542920000001
212,G234975_G235688,G234975,G235688,Physical,0.595014436,0.595014436
213,G234980_G234505,G234980,G234505,Genetic,-0.081544575,-0.081544575
214,G234980_G235131,G234980,G235131,Genetic,0.6146961879999999,0.6146961879999999
215,G234983_G234381,G234983,G234381,Genetic,-0.327733233,-0.327733233
216,G234983_G235246,G234983,G235246,Genetic,0.259066755,0.259066755
217,G234983_G235391,G234983,G235391,Genetic,-0.349122956,-0.349122956
218,G234983_G235626,G234983,G235626,Genetic,-0.345426138,-0.345426138
219,G234983_G235912,G234983,G235912,Genetic,0.519144658,0.519144658
220,G234983_G238061,G234983,G238061,Genetic,-0.436643926,-0.436643926
221,G234983_G238195,G234983,G238195,Genetic,0.6122805729999999,0.6122805729999999
222,G235011_G234286,G235011,G234286,Physical,0.8298904570000001,0.8298904570000001
223,G235012_G235278,G235012,G235278,Genetic,-0.57207979,-0.57207979
224,G235012_G235846,G235012,G235846,Genetic,-0.025039646,-0.025039646
225,G235014_G234139,G235014,G234139,Physical,0.705859881,0.705859881
226,G235014_G239392,G235014,G239392,Genetic,0.5550519970000001,0.5550519970000001
227,G235025_G235426,G235025,G235426,Genetic,-0.127849289,-0.127849289
228,G235025_G240017,G235025,G240017,Physical,0.779363565,0.779363565
229,G235035_G239952,G235035,G239952,Genetic,0.164728481,0.164728481
230,G235042_G234065,G235042,G234065,Physical,-0.465933261,-0.465933261
231,G235042_G234854,G235042,G234854,Genetic,-0.59677736,-0.59677736
232,G235043_G235680,G235043,G235680,Physical,0.34563442,0.34563442
233,G235044_G234073,G235044,G234073,Genetic,0.649823248,0.649823248
234,G235044_G237843,G235044,G237843,Genetic,0.244123021,0.244123021
235,G235052_G240410,G235052,G240410,Physical,-0.297138317,-0.297138317
236,G235077_G234093,G235077,G234093,Genetic,0.356854509,0.356854509
237,G235080_G238640,G235080,G238640,Physical,0.612697224,0.612697224
238,G235095_G236456,G235095,G236456,Physical,0.0,0.0
239,G235099_G235862,G235099,G235862,Genetic,0.104828044,0.104828044
240,G235105_G235532,G235105,G235532,Physical,0.865665777,0.865665777
241,G235105_G235793,G235105,G235793,Physical,0.692428906,0.692428906
242,G235127_G235288,G235127,G235288,Genetic,0.943100379,0.943100379
243,G235128_G234240,G235128,G234240,Genetic,-0.087799558,-0.087799558
244,G235129_G235785,G235129,G235785,Genetic,0.532955317,0.532955317
245,G235131_G235157,G235131,G235157,Physical,0.601828768,0.601828768
246,G235131_G235244,G235131,G235244,Physical,0.032800012,0.032800012
247,G235131_G235247,G235131,G235247,Physical,0.015134229,0.015134229
248,G235131_G235371,G235131,G235371,Physical,0.848640847,0.848640847
249,G235131_G235735,G235131,G235735,Physical,-0.023243041,-0.023243041
250,G235134_G235133,G235134,G235133,Genetic,0.80184583,0.80184583
251,G235135_G235222,G235135,G235222,Genetic,-0.121219442,-0.121219442
252,G235135_G235302,G235135,G235302,Genetic,0.0,0.0
253,G235136_G234402,G235136,G234402,Physical,0.123021596,0.123021596
254,G235136_G234763,G235136,G234763,Physical,-0.004787102,-0.004787102
255,G235136_G234772,G235136,G234772,Physical,0.7195838090000001,0.7195838090000001
256,G235136_G234908,G235136,G234908,Physical,-0.035688833,-0.035688833
257,G235136_G234983,G235136,G234983,Genetic-Physical,-0.27691027,-0.27691027
258,G235136_G235271,G235136,G235271,Genetic-Physical,-0.134289007,-0.134289007
259,G235136_G236167,G235136,G236167,Physical,0.298780907,0.298780907
260,G235137_G234227,G235137,G234227,Genetic,-0.0817086809999999,-0.0817086809999999
261,G235137_G235182,G235137,G235182,Physical,0.7244249490000001,0.7244249490000001
262,G235137_G235490,G235137,G235490,Physical,0.0172964039999999,0.0172964039999999
263,G235138_G235544,G235138,G235544,Physical,0.636797449,0.636797449
264,G235138_G235624,G235138,G235624,Physical,0.497548684,0.497548684
265,G235142_G235400,G235142,G235400,Genetic,0.235291989,0.235291989
266,G235142_G235833,G235142,G235833,Physical,0.286358614,0.286358614
267,G235143_G235143,G235143,G235143,Physical,1.0,1.0
268,G235143_G235690,G235143,G235690,Physical,0.7516856190000001,0.7516856190000001
269,G235143_G235741,G235143,G235741,Physical,0.8469334079999999,0.8469334079999999
270,G235158_G234074,G235158,G234074,Genetic-Physical,0.077874709,0.077874709
271,G235158_G234177,G235158,G234177,Genetic,0.640446828,0.640446828
272,G235158_G234465,G235158,G234465,Physical,0.41580597,0.41580597
273,G235158_G234735,G235158,G234735,Physical,0.124630235,0.124630235
274,G235159_G234330,G235159,G234330,Genetic-Physical,0.901272665,0.901272665
275,G235159_G235159,G235159,G235159,Physical,1.0,1.0
276,G235159_G236895,G235159,G236895,Physical,-0.090758295,-0.090758295
277,G235163_G234240,G235163,G234240,Genetic,0.163995189,0.163995189
278,G235163_G235189,G235163,G235189,Genetic,0.8208030829999999,0.8208030829999999
279,G235163_G235231,G235163,G235231,Physical,0.67828116,0.67828116
280,G235165_G235239,G235165,G235239,Physical,-0.425678475,-0.425678475
281,G235165_G235261,G235165,G235261,Physical,0.0,0.0
282,G235165_G235293,G235165,G235293,Physical,0.612637591,0.612637591
283,G235165_G235834,G235165,G235834,Physical,0.712027837,0.712027837
284,G235171_G235324,G235171,G235324,Physical,-0.177790731,-0.177790731
285,G235172_G234334,G235172,G234334,Genetic,0.737900326,0.737900326
286,G235172_G234392,G235172,G234392,Genetic,0.733199687,0.733199687
287,G235172_G234779,G235172,G234779,Genetic-Physical,0.0,0.0
288,G235172_G235312,G235172,G235312,Genetic,0.493585602,0.493585602
289,G235172_G237021,G235172,G237021,Genetic,0.809753403,0.809753403
290,G235177_G237463,G235177,G237463,Genetic,0.872980187,0.872980187
291,G235181_G235350,G235181,G235350,Physical,0.748616805,0.748616805
292,G235181_G235649,G235181,G235649,Physical,0.6909676779999999,0.6909676779999999
293,G235184_G235762,G235184,G235762,Physical,0.590996065,0.590996065
294,G235187_G235631,G235187,G235631,Genetic-Physical,0.966896091,0.966896091
295,G235187_G237160,G235187,G237160,Genetic,0.878663821,0.878663821
296,G235187_G239975,G235187,G239975,Physical,0.956861105,0.956861105
297,G235188_G234973,G235188,G234973,Genetic,-0.911509699,-0.911509699
298,G235189_G236022,G235189,G236022,Physical,0.259940095,0.259940095
299,G235191_G235163,G235191,G235163,Genetic,0.127583864,0.127583864
300,G235191_G235189,G235191,G235189,Genetic-Physical,0.490327114,0.490327114
301,G235191_G235363,G235191,G235363,Physical,-0.20982591,-0.20982591
302,G235191_G235539,G235191,G235539,Genetic-Physical,0.509133175,0.509133175
303,G235191_G237123,G235191,G237123,Physical,0.692046955,0.692046955
304,G235200_G235234,G235200,G235234,Physical,-0.635254071,-0.635254071
305,G235204_G235561,G235204,G235561,Physical,0.852406685,0.852406685
306,G235213_G234103,G235213,G234103,Genetic,0.7920293270000001,0.7920293270000001
307,G235213_G235801,G235213,G235801,Genetic-Physical,0.352332665,0.352332665
308,G235213_G238637,G235213,G238637,Physical,0.7749618909999999,0.7749618909999999
309,G235216_G235158,G235216,G235158,Physical,0.401181429,0.401181429
310,G235222_G235519,G235222,G235519,Genetic-Physical,0.391272649,0.391272649
311,G235228_G235127,G235228,G235127,Genetic,0.938906005,0.938906005
312,G235229_G235229,G235229,G235229,Physical,1.0,1.0
313,G235231_G234980,G235231,G234980,Physical,-0.013714969,-0.013714969
314,G235239_G235165,G235239,G235165,Physical,-0.425678475,-0.425678475
315,G235239_G235261,G235239,G235261,Physical,0.0,0.0
316,G235239_G235281,G235239,G235281,Physical,-0.370015266,-0.370015266
317,G235239_G235293,G235239,G235293,Physical,0.229816184,0.229816184
318,G235239_G235728,G235239,G235728,Physical,0.642642829,0.642642829
319,G235239_G235834,G235239,G235834,Physical,0.064862323,0.064862323
320,G235241_G235123,G235241,G235123,Physical,0.042886272,0.042886272
321,G235241_G235349,G235241,G235349,Physical,0.405275617,0.405275617
322,G235242_G235781,G235242,G235781,Genetic,-0.454826383,-0.454826383
323,G235243_G235711,G235243,G235711,Genetic,-0.02250644,-0.02250644
324,G235243_G235763,G235243,G235763,Genetic,0.543045961,0.543045961
325,G235243_G235803,G235243,G235803,Genetic,0.032769095,0.032769095
326,G235243_G239877,G235243,G239877,Genetic,0.420508782,0.420508782
327,G235244_G235157,G235244,G235157,Physical,0.318098779,0.318098779
328,G235247_G235157,G235247,G235157,Physical,0.348147991,0.348147991
329,G235247_G235244,G235247,G235244,Physical,0.470786935,0.470786935
330,G235247_G235247,G235247,G235247,Physical,1.0,1.0
331,G235247_G235371,G235247,G235371,Physical,0.12150219,0.12150219
332,G235248_G236626,G235248,G236626,Genetic,0.824185051,0.824185051
333,G235250_G235131,G235250,G235131,Physical,-0.321852418,-0.321852418
334,G235250_G235157,G235250,G235157,Physical,-0.17695538,-0.17695538
335,G235250_G235244,G235250,G235244,Physical,0.4224700320000001,0.4224700320000001
336,G235250_G235247,G235250,G235247,Physical,0.354679146,0.354679146
337,G235250_G235278,G235250,G235278,Physical,0.932605859,0.932605859
338,G235250_G235371,G235250,G235371,Physical,-0.173445242,-0.173445242
339,G235250_G235735,G235250,G235735,Physical,0.666392792,0.666392792
340,G235257_G235701,G235257,G235701,Genetic-Physical,-0.426854175,-0.426854175
341,G235261_G235239,G235261,G235239,Physical,0.0,0.0
342,G235261_G235293,G235261,G235293,Physical,0.0,0.0
343,G235261_G235834,G235261,G235834,Physical,0.0,0.0
344,G235265_G235550,G235265,G235550,Physical,0.750229736,0.750229736
345,G235265_G235621,G235265,G235621,Physical,-0.126193636,-0.126193636
346,G235265_G235639,G235265,G235639,Physical,-0.6186488920000001,-0.6186488920000001
347,G235265_G238704,G235265,G238704,Physical,0.574057432,0.574057432
348,G235265_G239467,G235265,G239467,Physical,0.482255315,0.482255315
349,G235271_G235271,G235271,G235271,Physical,1.0,1.0
350,G235271_G235477,G235271,G235477,Genetic-Physical,0.405483769,0.405483769
351,G235271_G235766,G235271,G235766,Genetic-Physical,0.436895506,0.436895506
352,G235273_G235395,G235273,G235395,Genetic,-0.748156142,-0.748156142
353,G235277_G235107,G235277,G235107,Genetic,0.670552716,0.670552716
354,G235277_G235242,G235277,G235242,Genetic,0.691962434,0.691962434
355,G235277_G235769,G235277,G235769,Genetic,-0.183889069,-0.183889069
356,G235277_G235781,G235277,G235781,Genetic,0.047148343,0.047148343
357,G235278_G235131,G235278,G235131,Physical,-0.479339489,-0.479339489
358,G235278_G235157,G235278,G235157,Physical,-0.154982612,-0.154982612
359,G235278_G235244,G235278,G235244,Physical,0.5576777039999999,0.5576777039999999
360,G235278_G235247,G235278,G235247,Physical,0.451045636,0.451045636
361,G235278_G235371,G235278,G235371,Physical,-0.305799813,-0.305799813
362,G235278_G235735,G235278,G235735,Physical,0.7104676129999999,0.7104676129999999
363,G235278_G235846,G235278,G235846,Genetic,0.6642445570000001,0.6642445570000001
364,G235281_G235165,G235281,G235165,Physical,0.876435946,0.876435946
365,G235281_G235239,G235281,G235239,Physical,-0.370015266,-0.370015266
366,G235281_G235261,G235281,G235261,Physical,0.0,0.0
367,G235281_G235293,G235281,G235293,Physical,0.752986253,0.752986253
368,G235281_G235728,G235281,G235728,Physical,0.150433403,0.150433403
369,G235281_G235834,G235281,G235834,Physical,0.4387515870000001,0.4387515870000001
370,G235287_G234275,G235287,G234275,Physical,-0.422805819,-0.422805819
371,G235287_G235131,G235287,G235131,Physical,0.549338385,0.549338385
372,G235287_G235157,G235287,G235157,Physical,0.597367807,0.597367807
373,G235287_G235244,G235287,G235244,Physical,0.390503389,0.390503389
374,G235287_G235247,G235287,G235247,Physical,0.210120383,0.210120383
375,G235287_G235250,G235287,G235250,Physical,0.451921137,0.451921137
376,G235287_G235257,G235287,G235257,Physical,0.235033197,0.235033197
377,G235287_G235278,G235287,G235278,Physical,0.368332296,0.368332296
378,G235287_G235332,G235287,G235332,Physical,0.6970590170000001,0.6970590170000001
379,G235287_G235371,G235287,G235371,Physical,0.6878633140000001,0.6878633140000001
380,G235287_G235439,G235287,G235439,Physical,0.560285405,0.560285405
381,G235287_G235735,G235287,G235735,Physical,0.727603132,0.727603132
382,G235293_G235239,G235293,G235239,Physical,0.229816184,0.229816184
383,G235293_G235834,G235293,G235834,Physical,0.567592027,0.567592027
384,G235294_G234240,G235294,G234240,Genetic,0.520653545,0.520653545
385,G235294_G235930,G235294,G235930,Genetic-Physical,0.880739624,0.880739624
386,G235297_G235827,G235297,G235827,Physical,0.8422155379999999,0.8422155379999999
387,G235297_G236702,G235297,G236702,Physical,0.5203497579999999,0.5203497579999999
388,G235301_G234732,G235301,G234732,Genetic-Physical,0.986212398,0.986212398
389,G235301_G235407,G235301,G235407,Physical,0.54589598,0.54589598
390,G235301_G235632,G235301,G235632,Physical,0.6097150610000001,0.6097150610000001
391,G235301_G235687,G235301,G235687,Physical,0.0,0.0
392,G235309_G234381,G235309,G234381,Genetic,0.281626665,0.281626665
393,G235312_G234684,G235312,G234684,Genetic,0.709874329,0.709874329
394,G235312_G234779,G235312,G234779,Physical,0.0,0.0
395,G235312_G234839,G235312,G234839,Genetic,0.05149284,0.05149284
396,G235317_G238415,G235317,G238415,Physical,0.0,0.0
397,G235327_G235490,G235327,G235490,Physical,-0.682875584,-0.682875584
398,G235327_G235692,G235327,G235692,Genetic,0.459036101,0.459036101
399,G235329_G235637,G235329,G235637,Physical,0.5310670239999999,0.5310670239999999
400,G235329_G235843,G235329,G235843,Physical,0.515465562,0.515465562
401,G235329_G236351,G235329,G236351,Physical,0.703010525,0.703010525
402,G235329_G240400,G235329,G240400,Physical,0.594404052,0.594404052
403,G235332_G235247,G235332,G235247,Physical,0.586651338,0.586651338
404,G235332_G235278,G235332,G235278,Physical,0.095650883,0.095650883
405,G235332_G235442,G235332,G235442,Physical,0.474495245,0.474495245
406,G235332_G235846,G235332,G235846,Physical,0.644203775,0.644203775
407,G235334_G235279,G235334,G235279,Physical,0.619463643,0.619463643
408,G235335_G235544,G235335,G235544,Physical,0.8686334440000001,0.8686334440000001
409,G235336_G234103,G235336,G234103,Physical,0.5071556429999999,0.5071556429999999
410,G235336_G235257,G235336,G235257,Physical,-0.1331234909999999,-0.1331234909999999
411,G235336_G235336,G235336,G235336,Physical,1.0,1.0
412,G235336_G235363,G235336,G235363,Physical,-0.469868938,-0.469868938
413,G235336_G235535,G235336,G235535,Genetic,0.7821507540000001,0.7821507540000001
414,G235336_G235701,G235336,G235701,Physical,0.69863206,0.69863206
415,G235336_G236817,G235336,G236817,Genetic-Physical,-0.0435785909999999,-0.0435785909999999
416,G235340_G237843,G235340,G237843,Genetic,-0.01650513,-0.01650513
417,G235344_G235516,G235344,G235516,Physical,0.49919507,0.49919507
418,G235344_G235692,G235344,G235692,Physical,0.699791796,0.699791796
419,G235344_G235712,G235344,G235712,Genetic,0.485897277,0.485897277
420,G235348_G235780,G235348,G235780,Physical,-0.851729394,-0.851729394
421,G235349_G235123,G235349,G235123,Physical,0.196788832,0.196788832
422,G235350_G234549,G235350,G234549,Physical,0.512941182,0.512941182
423,G235350_G234980,G235350,G234980,Physical,-0.041962416,-0.041962416
424,G235350_G235350,G235350,G235350,Physical,1.0,1.0
425,G235357_G239653,G235357,G239653,Genetic,0.891039915,0.891039915
426,G235358_G234341,G235358,G234341,Physical,0.133261607,0.133261607
427,G235358_G234533,G235358,G234533,Physical,-0.466140745,-0.466140745
428,G235371_G235157,G235371,G235157,Physical,0.88601015,0.88601015
429,G235371_G235244,G235371,G235244,Physical,0.11734435,0.11734435
430,G235375_G234214,G235375,G234214,Genetic-Physical,-0.533112364,-0.533112364
431,G235380_G235561,G235380,G235561,Physical,0.312093675,0.312093675
432,G235381_G235417,G235381,G235417,Physical,-0.0741368979999999,-0.0741368979999999
433,G235388_G235372,G235388,G235372,Physical,0.864190393,0.864190393
434,G235400_G235754,G235400,G235754,Physical,-0.051075603,-0.051075603
435,G235407_G234732,G235407,G234732,Genetic-Physical,0.517652706,0.517652706
436,G235407_G235632,G235407,G235632,Physical,0.962220218,0.962220218
437,G235407_G235856,G235407,G235856,Genetic,0.6958588459999999,0.6958588459999999
438,G235408_G235759,G235408,G235759,Genetic-Physical,0.38663859,0.38663859
439,G235417_G235735,G235417,G235735,Physical,0.365180925,0.365180925
440,G235419_G235572,G235419,G235572,Genetic,-0.067101314,-0.067101314
441,G235425_G237120,G235425,G237120,Physical,0.748497753,0.748497753
442,G235435_G234103,G235435,G234103,Genetic,0.152332875,0.152332875
443,G235438_G234894,G235438,G234894,Physical,-0.469436589,-0.469436589
444,G235438_G235332,G235438,G235332,Genetic-Physical,0.062015959,0.062015959
445,G235438_G235400,G235438,G235400,Genetic-Physical,0.659153394,0.659153394
446,G235439_G234505,G235439,G234505,Genetic,0.773754807,0.773754807
447,G235439_G234513,G235439,G234513,Physical,0.135871047,0.135871047
448,G235439_G234980,G235439,G234980,Genetic,0.239501471,0.239501471
449,G235439_G235131,G235439,G235131,Physical,0.519112629,0.519112629
450,G235439_G235157,G235439,G235157,Physical,0.285324205,0.285324205
451,G235439_G235170,G235439,G235170,Genetic,0.119740468,0.119740468
452,G235439_G235244,G235439,G235244,Physical,0.49096465,0.49096465
453,G235439_G235247,G235439,G235247,Physical,0.692933005,0.692933005
454,G235439_G235250,G235439,G235250,Genetic-Physical,0.423344481,0.423344481
455,G235439_G235278,G235439,G235278,Physical,0.337712414,0.337712414
456,G235439_G235371,G235439,G235371,Physical,0.379073579,0.379073579
457,G235439_G235735,G235439,G235735,Physical,0.317403512,0.317403512
458,G235439_G235780,G235439,G235780,Genetic,0.187537558,0.187537558
459,G235439_G235874,G235439,G235874,Genetic,0.8868069140000001,0.8868069140000001
460,G235442_G235247,G235442,G235247,Physical,0.366740634,0.366740634
461,G235442_G235846,G235442,G235846,Genetic,0.760449477,0.760449477
462,G235448_G235607,G235448,G235607,Physical,0.8164611140000001,0.8164611140000001
463,G235453_G235207,G235453,G235207,Genetic,-0.557700778,-0.557700778
464,G235453_G235542,G235453,G235542,Genetic,-0.623968569,-0.623968569
465,G235453_G235566,G235453,G235566,Genetic,-0.7989556240000001,-0.7989556240000001
466,G235457_G235530,G235457,G235530,Genetic-Physical,-0.277366456,-0.277366456
467,G235462_G234341,G235462,G234341,Genetic,0.6900272209999999,0.6900272209999999
468,G235463_G234446,G235463,G234446,Physical,0.348400604,0.348400604
469,G235463_G234764,G235463,G234764,Physical,0.382436419,0.382436419
470,G235463_G235575,G235463,G235575,Physical,0.772309609,0.772309609
471,G235467_G235403,G235467,G235403,Physical,0.111792809,0.111792809
472,G235468_G235450,G235468,G235450,Physical,-0.087018614,-0.087018614
473,G235468_G236509,G235468,G236509,Genetic,0.594570026,0.594570026
474,G235468_G237345,G235468,G237345,Physical,0.0,0.0
475,G235468_G238740,G235468,G238740,Physical,0.997666911,0.997666911
476,G235469_G234317,G235469,G234317,Genetic-Physical,0.381291781,0.381291781
477,G235469_G235624,G235469,G235624,Physical,0.544827241,0.544827241
478,G235474_G234103,G235474,G234103,Genetic,0.111868491,0.111868491
479,G235474_G235435,G235474,G235435,Physical,-0.356321138,-0.356321138
480,G235474_G235474,G235474,G235474,Physical,1.0,1.0
481,G235474_G237213,G235474,G237213,Genetic,0.6114998660000001,0.6114998660000001
482,G235475_G234240,G235475,G234240,Genetic,0.022759398,0.022759398
483,G235477_G234732,G235477,G234732,Physical,0.775780965,0.775780965
484,G235477_G235766,G235477,G235766,Physical,0.497132475,0.497132475
485,G235479_G238238,G235479,G238238,Genetic,0.236143912,0.236143912
486,G235480_G235188,G235480,G235188,Genetic,0.167746491,0.167746491
487,G235482_G235499,G235482,G235499,Physical,-0.525196729,-0.525196729
488,G235482_G235597,G235482,G235597,Genetic,-0.360540159,-0.360540159
489,G235482_G237509,G235482,G237509,Genetic,-0.610796207,-0.610796207
490,G235485_G234659,G235485,G234659,Physical,-0.545869278,-0.545869278
491,G235486_G235242,G235486,G235242,Genetic,-0.199575696,-0.199575696
492,G235486_G237760,G235486,G237760,Genetic,0.0,0.0
493,G235489_G238415,G235489,G238415,Physical,0.864017155,0.864017155
494,G235490_G235874,G235490,G235874,Physical,-0.046902044,-0.046902044
495,G235490_G237982,G235490,G237982,Physical,0.836717107,0.836717107
496,G235495_G234993,G235495,G234993,Genetic,0.701719773,0.701719773
497,G235496_G235188,G235496,G235188,Genetic,-0.384796196,-0.384796196
498,G235500_G238415,G235500,G238415,Physical,0.7467496809999999,0.7467496809999999
499,G235502_G238415,G235502,G238415,Physical,0.9227826,0.9227826
500,G235514_G235426,G235514,G235426,Physical,0.313805394,0.313805394
501,G235516_G235207,G235516,G235207,Genetic,0.722190806,0.722190806
502,G235516_G235417,G235516,G235417,Physical,0.59898413,0.59898413
503,G235516_G238415,G235516,G238415,Physical,0.7960981159999999,0.7960981159999999
504,G235518_G235530,G235518,G235530,Physical,-0.437439365,-0.437439365
505,G235529_G235796,G235529,G235796,Physical,0.632656896,0.632656896
506,G235530_G235826,G235530,G235826,Physical,-0.304665304,-0.304665304
507,G235539_G234185,G235539,G234185,Physical,0.478546544,0.478546544
508,G235539_G235163,G235539,G235163,Genetic,-0.219070932,-0.219070932
509,G235539_G235189,G235539,G235189,Genetic-Physical,0.232156337,0.232156337
510,G235539_G235248,G235539,G235248,Physical,0.490281179,0.490281179
511,G235539_G235930,G235539,G235930,Genetic,-0.34342099,-0.34342099
512,G235546_G235133,G235546,G235133,Genetic-Physical,0.240089673,0.240089673
513,G235550_G235336,G235550,G235336,Physical,-0.238697558,-0.238697558
514,G235550_G235639,G235550,G235639,Physical,-0.589151831,-0.589151831
515,G235550_G235701,G235550,G235701,Physical,-0.66749142,-0.66749142
516,G235550_G238704,G235550,G238704,Physical,0.669723081,0.669723081
517,G235550_G239467,G235550,G239467,Physical,0.7092479420000001,0.7092479420000001
518,G235558_G235242,G235558,G235242,Genetic,0.136246545,0.136246545
519,G235559_G235780,G235559,G235780,Physical,-0.550312955,-0.550312955
520,G235563_G235266,G235563,G235266,Physical,0.5827580410000001,0.5827580410000001
521,G235568_G235697,G235568,G235697,Genetic,0.8066634309999999,0.8066634309999999
522,G235573_G235865,G235573,G235865,Physical,0.758813463,0.758813463
523,G235574_G235677,G235574,G235677,Genetic,0.670995274,0.670995274
524,G235578_G236280,G235578,G236280,Physical,0.230581434,0.230581434
525,G235579_G234831,G235579,G234831,Physical,-0.796925792,-0.796925792
526,G235579_G235579,G235579,G235579,Physical,1.0,1.0
527,G235580_G236280,G235580,G236280,Physical,0.342639674,0.342639674
528,G235597_G234122,G235597,G234122,Genetic,0.953369334,0.953369334
529,G235597_G234381,G235597,G234381,Genetic,0.499715587,0.499715587
530,G235597_G234393,G235597,G234393,Genetic,0.197677835,0.197677835
531,G235597_G235165,G235597,G235165,Genetic-Physical,0.6893899179999999,0.6893899179999999
532,G235597_G235239,G235597,G235239,Physical,0.064656085,0.064656085
533,G235597_G235261,G235597,G235261,Genetic-Physical,0.0,0.0
534,G235597_G235281,G235597,G235281,Physical,0.8487889670000001,0.8487889670000001
535,G235597_G235293,G235597,G235293,Physical,0.975900759,0.975900759
536,G235597_G235607,G235597,G235607,Genetic,0.702262724,0.702262724
537,G235597_G235728,G235597,G235728,Physical,0.48618531,0.48618531
538,G235597_G235788,G235597,G235788,Genetic,0.7513657220000001,0.7513657220000001
539,G235597_G235834,G235597,G235834,Genetic-Physical,0.522471503,0.522471503
540,G235597_G236406,G235597,G236406,Genetic,0.5428097620000001,0.5428097620000001
541,G235597_G238195,G235597,G238195,Genetic,0.906559197,0.906559197
542,G235603_G236280,G235603,G236280,Physical,0.240096327,0.240096327
543,G235606_G235564,G235606,G235564,Physical,0.8796954690000001,0.8796954690000001
544,G235606_G235606,G235606,G235606,Physical,1.0,1.0
545,G235607_G234393,G235607,G234393,Physical,0.7207382379999999,0.7207382379999999
546,G235607_G235723,G235607,G235723,Physical,0.200754151,0.200754151
547,G235607_G236210,G235607,G236210,Genetic,0.286515427,0.286515427
548,G235607_G236406,G235607,G236406,Physical,-0.007628053,-0.007628053
549,G235607_G236869,G235607,G236869,Genetic-Physical,0.0,0.0
550,G235610_G234392,G235610,G234392,Genetic,0.921704762,0.921704762
551,G235610_G235610,G235610,G235610,Physical,1.0,1.0
552,G235615_G235539,G235615,G235539,Physical,-0.146451675,-0.146451675
553,G235616_G234393,G235616,G234393,Genetic-Physical,0.732346536,0.732346536
554,G235617_G235832,G235617,G235832,Physical,0.656939742,0.656939742
555,G235619_G234330,G235619,G234330,Genetic,0.864206259,0.864206259
556,G235619_G234746,G235619,G234746,Physical,0.123402626,0.123402626
557,G235619_G235129,G235619,G235129,Genetic,-0.317344979,-0.317344979
558,G235619_G235159,G235619,G235159,Genetic-Physical,0.767612672,0.767612672
559,G235620_G235881,G235620,G235881,Physical,0.030145906,0.030145906
560,G235621_G235550,G235621,G235550,Physical,-0.237370915,-0.237370915
561,G235621_G235639,G235621,G235639,Physical,0.668639075,0.668639075
562,G235621_G239467,G235621,G239467,Physical,-0.001238791,-0.001238791
563,G235624_G237213,G235624,G237213,Physical,0.113648605,0.113648605
564,G235624_G238760,G235624,G238760,Physical,0.306322366,0.306322366
565,G235625_G235664,G235625,G235664,Physical,-0.118492101,-0.118492101
566,G235625_G235733,G235625,G235733,Physical,0.073936815,0.073936815
567,G235626_G234381,G235626,G234381,Genetic,0.660406545,0.660406545
568,G235626_G235246,G235626,G235246,Genetic,0.712462237,0.712462237
569,G235626_G235309,G235626,G235309,Genetic,-0.14619638,-0.14619638
570,G235626_G235391,G235626,G235391,Genetic-Physical,0.65944726,0.65944726
571,G235626_G235912,G235626,G235912,Genetic,0.253078118,0.253078118
572,G235626_G238061,G235626,G238061,Genetic,0.956020117,0.956020117
573,G235630_G239048,G235630,G239048,Physical,-0.77404057,-0.77404057
574,G235634_G239770,G235634,G239770,Genetic,0.8555673770000001,0.8555673770000001
575,G235636_G235386,G235636,G235386,Physical,-0.448142193,-0.448142193
576,G235648_G235648,G235648,G235648,Physical,1.0,1.0
577,G235648_G237213,G235648,G237213,Physical,0.338043844,0.338043844
578,G235649_G234549,G235649,G234549,Physical,0.434735933,0.434735933
579,G235649_G236576,G235649,G236576,Physical,0.317946182,0.317946182
580,G235652_G237021,G235652,G237021,Physical,0.932877998,0.932877998
581,G235654_G235201,G235654,G235201,Physical,0.908702754,0.908702754
582,G235655_G234103,G235655,G234103,Genetic-Physical,-0.093439225,-0.093439225
583,G235655_G235398,G235655,G235398,Genetic,0.080963139,0.080963139
584,G235677_G235105,G235677,G235105,Genetic-Physical,0.85435912,0.85435912
585,G235677_G235225,G235677,G235225,Genetic,-0.352199489,-0.352199489
586,G235677_G235532,G235677,G235532,Physical,0.8664640159999999,0.8664640159999999
587,G235677_G235793,G235677,G235793,Physical,0.946637914,0.946637914
588,G235677_G238677,G235677,G238677,Genetic,0.852073865,0.852073865
589,G235683_G238149,G235683,G238149,Physical,-0.276794328,-0.276794328
590,G235687_G234732,G235687,G234732,Genetic-Physical,0.0,0.0
591,G235687_G235407,G235687,G235407,Physical,0.0,0.0
592,G235687_G235632,G235687,G235632,Physical,0.0,0.0
593,G235687_G235687,G235687,G235687,Physical,0.0,0.0
594,G235689_G235247,G235689,G235247,Physical,0.010223965,0.010223965
595,G235690_G235690,G235690,G235690,Physical,1.0,1.0
596,G235692_G235712,G235692,G235712,Genetic,0.685858959,0.685858959
597,G235693_G235189,G235693,G235189,Physical,0.5730749470000001,0.5730749470000001
598,G235697_G235207,G235697,G235207,Genetic,0.7038725159999999,0.7038725159999999
599,G235699_G235620,G235699,G235620,Physical,0.140612982,0.140612982
600,G235699_G235881,G235699,G235881,Physical,0.6697014929999999,0.6697014929999999
601,G235701_G235701,G235701,G235701,Physical,1.0,1.0
602,G235711_G235243,G235711,G235243,Genetic,-0.02250644,-0.02250644
603,G235716_G235300,G235716,G235300,Physical,0.7451413,0.7451413
604,G235717_G235184,G235717,G235184,Physical,-0.144735101,-0.144735101
605,G235717_G235762,G235717,G235762,Genetic-Physical,-0.707244656,-0.707244656
606,G235717_G235810,G235717,G235810,Physical,-0.219634711,-0.219634711
607,G235718_G235572,G235718,G235572,Genetic,0.1729715539999999,0.1729715539999999
608,G235718_G235718,G235718,G235718,Physical,1.0,1.0
609,G235723_G235586,G235723,G235586,Physical,-0.210741926,-0.210741926
610,G235724_G235077,G235724,G235077,Physical,-0.275187519,-0.275187519
611,G235726_G235759,G235726,G235759,Physical,0.461798578,0.461798578
612,G235728_G235165,G235728,G235165,Physical,0.241699196,0.241699196
613,G235728_G235239,G235728,G235239,Physical,0.642642829,0.642642829
614,G235728_G235261,G235728,G235261,Physical,0.0,0.0
615,G235728_G235293,G235728,G235293,Physical,0.6403069579999999,0.6403069579999999
616,G235728_G235834,G235728,G235834,Physical,0.7479132359999999,0.7479132359999999
617,G235729_G235274,G235729,G235274,Physical,0.273375998,0.273375998
618,G235729_G235729,G235729,G235729,Physical,1.0,1.0
619,G235733_G235664,G235733,G235664,Physical,0.782093536,0.782093536
620,G235735_G235157,G235735,G235157,Physical,0.53117721,0.53117721
621,G235735_G235244,G235735,G235244,Physical,0.6719354820000001,0.6719354820000001
622,G235735_G235247,G235735,G235247,Physical,0.399288036,0.399288036
623,G235735_G235371,G235735,G235371,Physical,0.359987157,0.359987157
624,G235741_G235690,G235741,G235690,Physical,0.6865732109999999,0.6865732109999999
625,G235741_G235741,G235741,G235741,Physical,1.0,1.0
626,G235749_G235059,G235749,G235059,Physical,0.903975659,0.903975659
627,G235749_G235130,G235749,G235130,Physical,0.970372245,0.970372245
628,G235749_G235715,G235749,G235715,Physical,0.949912843,0.949912843
629,G235749_G235782,G235749,G235782,Physical,0.886005312,0.886005312
630,G235749_G235866,G235749,G235866,Physical,0.988432265,0.988432265
631,G235750_G240410,G235750,G240410,Physical,0.477779109,0.477779109
632,G235756_G235866,G235756,G235866,Physical,0.938279092,0.938279092
633,G235758_G238415,G235758,G238415,Physical,0.806216553,0.806216553
634,G235759_G235765,G235759,G235765,Physical,-0.720582088,-0.720582088
635,G235762_G235762,G235762,G235762,Physical,1.0,1.0
636,G235766_G234732,G235766,G234732,Genetic-Physical,0.919603476,0.919603476
637,G235766_G235632,G235766,G235632,Genetic,0.728917501,0.728917501
638,G235772_G235123,G235772,G235123,Physical,-0.532738745,-0.532738745
639,G235772_G235241,G235772,G235241,Physical,-0.112717488,-0.112717488
640,G235772_G235349,G235772,G235349,Physical,0.029959947,0.029959947
641,G235776_G235490,G235776,G235490,Physical,0.92055883,0.92055883
642,G235780_G234980,G235780,G234980,Genetic,0.842759965,0.842759965
643,G235780_G235131,G235780,G235131,Genetic,0.8432851729999999,0.8432851729999999
644,G235780_G235874,G235780,G235874,Genetic,0.487390318,0.487390318
645,G235781_G235781,G235781,G235781,Physical,1.0,1.0
646,G235785_G235129,G235785,G235129,Genetic,0.532955317,0.532955317
647,G235793_G235532,G235793,G235532,Genetic,0.7214856959999999,0.7214856959999999
648,G235796_G235529,G235796,G235529,Physical,0.632656896,0.632656896
649,G235802_G234270,G235802,G234270,Physical,0.373501309,0.373501309
650,G235802_G234788,G235802,G234788,Physical,0.50036503,0.50036503
651,G235802_G235490,G235802,G235490,Physical,-0.409014525,-0.409014525
652,G235810_G235184,G235810,G235184,Physical,0.517237674,0.517237674
653,G235810_G235762,G235810,G235762,Physical,0.8125881770000001,0.8125881770000001
654,G235815_G235701,G235815,G235701,Genetic-Physical,0.696997304,0.696997304
655,G235815_G237624,G235815,G237624,Physical,0.581459954,0.581459954
656,G235815_G240065,G235815,G240065,Physical,0.770832863,0.770832863
657,G235816_G238415,G235816,G238415,Physical,0.821325938,0.821325938
658,G235817_G235336,G235817,G235336,Genetic-Physical,0.853267821,0.853267821
659,G235817_G235363,G235817,G235363,Physical,-0.571427648,-0.571427648
660,G235819_G235366,G235819,G235366,Physical,0.955675241,0.955675241
661,G235820_G234344,G235820,G234344,Physical,-0.001545772,-0.001545772
662,G235820_G234393,G235820,G234393,Physical,0.663522712,0.663522712
663,G235820_G235723,G235820,G235723,Physical,0.928329164,0.928329164
664,G235821_G235759,G235821,G235759,Genetic,0.779728843,0.779728843
665,G235830_G234830,G235830,G234830,Genetic,0.162887571,0.162887571
666,G235830_G235327,G235830,G235327,Genetic,0.060247951,0.060247951
667,G235830_G237021,G235830,G237021,Physical,0.492602841,0.492602841
668,G235830_G238415,G235830,G238415,Physical,0.516167763,0.516167763
669,G235832_G235664,G235832,G235664,Physical,0.012051477,0.012051477
670,G235832_G235723,G235832,G235723,Physical,0.5922614079999999,0.5922614079999999
671,G235834_G235239,G235834,G235239,Physical,0.064862323,0.064862323
672,G235835_G234381,G235835,G234381,Genetic,-0.330354816,-0.330354816
673,G235835_G235309,G235835,G235309,Genetic,0.69760125,0.69760125
674,G235835_G235781,G235835,G235781,Genetic,0.854581177,0.854581177
675,G235835_G235912,G235835,G235912,Genetic,0.21693664,0.21693664
676,G235835_G238061,G235835,G238061,Genetic,-0.390393857,-0.390393857
677,G235835_G238195,G235835,G238195,Genetic,0.49419117,0.49419117
678,G235844_G235107,G235844,G235107,Physical,0.057379353,0.057379353
679,G235844_G235653,G235844,G235653,Physical,0.0,0.0
680,G235853_G235257,G235853,G235257,Physical,0.7803366740000001,0.7803366740000001
681,G235856_G234392,G235856,G234392,Physical,0.298200292,0.298200292
682,G235856_G235632,G235856,G235632,Genetic,0.584223416,0.584223416
683,G235863_G235135,G235863,G235135,Genetic,-0.4359295,-0.4359295
684,G235866_G235059,G235866,G235059,Physical,0.890659,0.890659
685,G235866_G235130,G235866,G235130,Physical,0.962131978,0.962131978
686,G235866_G235715,G235866,G235715,Physical,0.95660955,0.95660955
687,G235866_G235782,G235866,G235782,Physical,0.88100591,0.88100591
688,G235866_G235866,G235866,G235866,Physical,1.0,1.0
689,G235871_G235307,G235871,G235307,Physical,0.4652004420000001,0.4652004420000001
690,G235872_G235788,G235872,G235788,Genetic,0.6163397660000001,0.6163397660000001
691,G235885_G235885,G235885,G235885,Physical,1.0,1.0
692,G235885_G237021,G235885,G237021,Physical,-0.167528266,-0.167528266
693,G235892_G235506,G235892,G235506,Physical,0.920583217,0.920583217
694,G235922_G235759,G235922,G235759,Genetic,0.0,0.0
695,G235924_G234103,G235924,G234103,Genetic,-0.065316347,-0.065316347
696,G235930_G234240,G235930,G234240,Genetic,0.424227993,0.424227993
697,G235930_G238760,G235930,G238760,Physical,0.557611392,0.557611392
698,G235972_G237778,G235972,G237778,Genetic-Physical,0.57150429,0.57150429
699,G235995_G238916,G235995,G238916,Genetic,0.8353908320000001,0.8353908320000001
700,G235995_G239488,G235995,G239488,Genetic,0.904362729,0.904362729
701,G236022_G235189,G236022,G235189,Physical,0.259940095,0.259940095
702,G236047_G235447,G236047,G235447,Physical,0.800386108,0.800386108
703,G236063_G235490,G236063,G235490,Physical,0.406240337,0.406240337
704,G236063_G237732,G236063,G237732,Physical,0.477325142,0.477325142
705,G236068_G238621,G236068,G238621,Physical,0.8598819670000001,0.8598819670000001
706,G236068_G239294,G236068,G239294,Physical,0.0,0.0
707,G236068_G239523,G236068,G239523,Physical,0.704135975,0.704135975
708,G236085_G235182,G236085,G235182,Physical,0.229246213,0.229246213
709,G236111_G234735,G236111,G234735,Physical,0.77942568,0.77942568
710,G236111_G235080,G236111,G235080,Physical,0.8727813329999999,0.8727813329999999
711,G236111_G235469,G236111,G235469,Genetic,0.879428942,0.879428942
712,G236111_G235648,G236111,G235648,Physical,0.48536249,0.48536249
713,G236111_G235835,G236111,G235835,Physical,0.769438112,0.769438112
714,G236111_G237203,G236111,G237203,Genetic,0.45596097,0.45596097
715,G236111_G238392,G236111,G238392,Genetic-Physical,0.6765939059999999,0.6765939059999999
716,G236121_G239420,G236121,G239420,Physical,0.368532626,0.368532626
717,G236147_G239341,G236147,G239341,Physical,0.350306556,0.350306556
718,G236167_G234953,G236167,G234953,Genetic,0.940498107,0.940498107
719,G236206_G234779,G236206,G234779,Physical,0.0,0.0
720,G236336_G238102,G236336,G238102,Genetic,0.886231442,0.886231442
721,G236336_G238235,G236336,G238235,Genetic,0.816561869,0.816561869
722,G236351_G240400,G236351,G240400,Physical,0.5343729070000001,0.5343729070000001
723,G236479_G235386,G236479,G235386,Physical,0.439715308,0.439715308
724,G236506_G240301,G236506,G240301,Genetic,0.8672379590000001,0.8672379590000001
725,G236509_G238391,G236509,G238391,Genetic,0.762737731,0.762737731
726,G236576_G235649,G236576,G235649,Physical,0.317946182,0.317946182
727,G236578_G235469,G236578,G235469,Physical,-0.641252753,-0.641252753
728,G236589_G240043,G236589,G240043,Genetic,0.8209542040000001,0.8209542040000001
729,G236607_G235143,G236607,G235143,Genetic,0.8922230179999999,0.8922230179999999
730,G236683_G235624,G236683,G235624,Physical,0.182125492,0.182125492
731,G236701_G235371,G236701,G235371,Physical,-0.60897318,-0.60897318
732,G236701_G237624,G236701,G237624,Physical,-0.58148578,-0.58148578
733,G236702_G235827,G236702,G235827,Physical,0.678607255,0.678607255
734,G236730_G234416,G236730,G234416,Physical,-0.307607327,-0.307607327
735,G236745_G239653,G236745,G239653,Physical,0.448967961,0.448967961
736,G236895_G235386,G236895,G235386,Physical,-0.499071749,-0.499071749
737,G236954_G234240,G236954,G234240,Genetic,-0.161046699,-0.161046699
738,G236954_G235769,G236954,G235769,Physical,-0.294382294,-0.294382294
739,G236965_G235019,G236965,G235019,Physical,0.795952223,0.795952223
740,G236991_G236991,G236991,G236991,Physical,1.0,1.0
741,G237021_G234065,G237021,G234065,Genetic,0.7526071390000001,0.7526071390000001
742,G237021_G234486,G237021,G234486,Physical,-0.477888264,-0.477888264
743,G237021_G239837,G237021,G239837,Physical,-0.091575969,-0.091575969
744,G237142_G234334,G237142,G234334,Genetic,0.66368329,0.66368329
745,G237142_G234779,G237142,G234779,Genetic,0.0,0.0
746,G237142_G234811,G237142,G234811,Genetic,0.656657295,0.656657295
747,G237203_G235835,G237203,G235835,Physical,0.029493633,0.029493633
748,G237203_G238392,G237203,G238392,Physical,-0.073509365,-0.073509365
749,G237228_G235099,G237228,G235099,Genetic,0.68388963,0.68388963
750,G237228_G235626,G237228,G235626,Genetic,0.778151653,0.778151653
751,G237261_G234084,G237261,G234084,Physical,0.7460923709999999,0.7460923709999999
752,G237261_G234448,G237261,G234448,Physical,0.7819167709999999,0.7819167709999999
753,G237333_G235474,G237333,G235474,Genetic,-0.1310545659999999,-0.1310545659999999
754,G237391_G235652,G237391,G235652,Physical,0.964089932,0.964089932
755,G237391_G235830,G237391,G235830,Physical,0.568635414,0.568635414
756,G237391_G235846,G237391,G235846,Physical,0.279396193,0.279396193
757,G237463_G235277,G237463,G235277,Physical,-0.53881716,-0.53881716
758,G237463_G238857,G237463,G238857,Genetic,0.610119492,0.610119492
759,G237467_G235331,G237467,G235331,Physical,-0.946683516,-0.946683516
760,G237467_G235383,G237467,G235383,Physical,-0.863260823,-0.863260823
761,G237469_G234344,G237469,G234344,Physical,0.626089899,0.626089899
762,G237469_G234393,G237469,G234393,Physical,0.548642297,0.548642297
763,G237509_G234393,G237509,G234393,Genetic,0.50648447,0.50648447
764,G237509_G235586,G237509,G235586,Genetic,0.937991552,0.937991552
765,G237509_G236406,G237509,G236406,Genetic,0.089356223,0.089356223
766,G237509_G240048,G237509,G240048,Genetic,0.088579707,0.088579707
767,G237524_G234167,G237524,G234167,Physical,0.42774363,0.42774363
768,G237524_G234368,G237524,G234368,Physical,-0.27328227,-0.27328227
769,G237561_G240043,G237561,G240043,Genetic,-0.718860651,-0.718860651
770,G237575_G237228,G237575,G237228,Physical,0.353129812,0.353129812
771,G237577_G238640,G237577,G238640,Genetic,0.593118632,0.593118632
772,G237594_G234804,G237594,G234804,Genetic,0.6770269809999999,0.6770269809999999
773,G237598_G234553,G237598,G234553,Genetic-Physical,0.628306536,0.628306536
774,G237598_G234572,G237598,G234572,Genetic,0.307086625,0.307086625
775,G237598_G234779,G237598,G234779,Genetic,0.0,0.0
776,G237617_G237617,G237617,G237617,Physical,1.0,1.0
777,G237630_G234271,G237630,G234271,Genetic,-0.257835916,-0.257835916
778,G237630_G235802,G237630,G235802,Genetic,-0.021911329,-0.021911329
779,G237630_G235899,G237630,G235899,Genetic,-0.21443642,-0.21443642
780,G237630_G238282,G237630,G238282,Genetic,0.741966448,0.741966448
781,G237630_G238857,G237630,G238857,Genetic,0.327484445,0.327484445
782,G237743_G234235,G237743,G234235,Genetic,0.1441530359999999,0.1441530359999999
783,G237743_G239063,G237743,G239063,Physical,-0.637476722,-0.637476722
784,G237760_G235242,G237760,G235242,Genetic,0.0,0.0
785,G237803_G234677,G237803,G234677,Genetic,-0.484879782,-0.484879782
786,G237833_G234769,G237833,G234769,Physical,-0.027906586,-0.027906586
787,G237845_G235185,G237845,G235185,Physical,-0.39099143,-0.39099143
788,G237857_G238954,G237857,G238954,Physical,-0.005715852,-0.005715852
789,G237865_G237857,G237865,G237857,Physical,0.394436119,0.394436119
790,G237865_G238954,G237865,G238954,Physical,0.272898577,0.272898577
791,G237884_G237884,G237884,G237884,Physical,1.0,1.0
792,G237892_G239393,G237892,G239393,Physical,0.8533770009999999,0.8533770009999999
793,G237916_G234716,G237916,G234716,Genetic,0.8640341859999999,0.8640341859999999
794,G238024_G236147,G238024,G236147,Physical,-0.580845456,-0.580845456
795,G238024_G239341,G238024,G239341,Physical,-0.21832131,-0.21832131
796,G238035_G238033,G238035,G238033,Genetic,0.7032422559999999,0.7032422559999999
797,G238061_G235099,G238061,G235099,Genetic-Physical,0.83212726,0.83212726
798,G238061_G235862,G238061,G235862,Physical,0.19928019,0.19928019
799,G238117_G235624,G238117,G235624,Physical,0.032440557,0.032440557
800,G238190_G234073,G238190,G234073,Genetic,0.892128037,0.892128037
801,G238191_G235706,G238191,G235706,Genetic,0.495625085,0.495625085
802,G238195_G234381,G238195,G234381,Physical,0.327655764,0.327655764
803,G238235_G238102,G238235,G238102,Genetic,0.784481276,0.784481276
804,G238391_G236509,G238391,G236509,Genetic,0.762737731,0.762737731
805,G238472_G238472,G238472,G238472,Physical,1.0,1.0
806,G238498_G235490,G238498,G235490,Physical,-0.329997737,-0.329997737
807,G238510_G235250,G238510,G235250,Physical,0.450063781,0.450063781
808,G238510_G239467,G238510,G239467,Genetic,0.252653076,0.252653076
809,G238567_G235874,G238567,G235874,Physical,0.6424851770000001,0.6424851770000001
810,G238610_G235381,G238610,G235381,Physical,0.0,0.0
811,G238621_G237892,G238621,G237892,Physical,0.817373583,0.817373583
812,G238621_G238621,G238621,G238621,Physical,1.0,1.0
813,G238621_G239294,G238621,G239294,Physical,0.0,0.0
814,G238621_G239523,G238621,G239523,Physical,0.8675981770000001,0.8675981770000001
815,G238637_G235329,G238637,G235329,Physical,0.882041706,0.882041706
816,G238637_G235637,G238637,G235637,Physical,0.456974023,0.456974023
817,G238637_G235843,G238637,G235843,Physical,0.421137886,0.421137886
818,G238637_G236351,G238637,G236351,Physical,0.607623499,0.607623499
819,G238637_G236462,G238637,G236462,Physical,-0.025407772,-0.025407772
820,G238637_G238793,G238637,G238793,Physical,0.677908787,0.677908787
821,G238637_G240400,G238637,G240400,Physical,0.465046453,0.465046453
822,G238640_G235404,G238640,G235404,Physical,0.644930661,0.644930661
823,G238677_G238564,G238677,G238564,Physical,0.707119519,0.707119519
824,G238695_G240099,G238695,G240099,Genetic,0.11229754,0.11229754
825,G238704_G235639,G238704,G235639,Physical,-0.325546482,-0.325546482
826,G238704_G235701,G238704,G235701,Physical,-0.33833498,-0.33833498
827,G238715_G234522,G238715,G234522,Genetic,-0.074017981,-0.074017981
828,G238715_G234868,G238715,G234868,Genetic,0.845034905,0.845034905
829,G238740_G237345,G238740,G237345,Physical,0.0,0.0
830,G238786_G234103,G238786,G234103,Genetic,0.246903545,0.246903545
831,G238916_G239488,G238916,G239488,Genetic,0.847284247,0.847284247
832,G238928_G234868,G238928,G234868,Physical,0.158555549,0.158555549
833,G238935_G235300,G238935,G235300,Genetic,0.581089536,0.581089536
834,G238946_G238946,G238946,G238946,Physical,1.0,1.0
835,G238954_G238954,G238954,G238954,Physical,1.0,1.0
836,G238968_G234400,G238968,G234400,Physical,0.426586935,0.426586935
837,G238990_G238033,G238990,G238033,Genetic,0.256256121,0.256256121
838,G239008_G234334,G239008,G234334,Genetic,0.761056162,0.761056162
839,G239008_G234644,G239008,G234644,Physical,0.061045493,0.061045493
840,G239010_G235252,G239010,G235252,Genetic-Physical,0.36742161,0.36742161
841,G239010_G235303,G239010,G235303,Genetic-Physical,-0.6544138860000001,-0.6544138860000001
842,G239010_G235500,G239010,G235500,Genetic,0.4688050520000001,0.4688050520000001
843,G239010_G235568,G239010,G235568,Genetic,0.808213877,0.808213877
844,G239010_G235697,G239010,G235697,Genetic,0.600499074,0.600499074
845,G239010_G239010,G239010,G239010,Genetic-Physical,1.0,1.0
846,G239048_G239048,G239048,G239048,Physical,1.0,1.0
847,G239098_G239536,G239098,G239536,Genetic,0.743642508,0.743642508
848,G239101_G239101,G239101,G239101,Physical,1.0,1.0
849,G239178_G238510,G239178,G238510,Genetic,0.244344673,0.244344673
850,G239178_G239178,G239178,G239178,Genetic,1.0,1.0
851,G239223_G237021,G239223,G237021,Physical,-0.080975715,-0.080975715
852,G239266_G235500,G239266,G235500,Physical,0.8308713659999999,0.8308713659999999
853,G239266_G235568,G239266,G235568,Physical,0.7590417309999999,0.7590417309999999
854,G239266_G235652,G239266,G235652,Physical,0.71318708,0.71318708
855,G239266_G235697,G239266,G235697,Physical,0.676839746,0.676839746
856,G239266_G235830,G239266,G235830,Physical,0.698222253,0.698222253
857,G239266_G237021,G239266,G237021,Physical,0.7506576859999999,0.7506576859999999
858,G239294_G237892,G239294,G237892,Physical,0.0,0.0
859,G239321_G238786,G239321,G238786,Physical,-0.38027868,-0.38027868
860,G239341_G235856,G239341,G235856,Genetic,-0.292237453,-0.292237453
861,G239341_G238024,G239341,G238024,Physical,-0.21832131,-0.21832131
862,G239341_G239341,G239341,G239341,Physical,1.0,1.0
863,G239428_G235285,G239428,G235285,Physical,0.6959618540000001,0.6959618540000001
864,G239428_G235500,G239428,G235500,Physical,0.63104832,0.63104832
865,G239428_G235542,G239428,G235542,Genetic,0.724517344,0.724517344
866,G239428_G235830,G239428,G235830,Physical,0.483882289,0.483882289
867,G239467_G235639,G239467,G235639,Physical,-0.483302361,-0.483302361
868,G239467_G235701,G239467,G235701,Genetic,-0.430351878,-0.430351878
869,G239467_G238704,G239467,G238704,Physical,0.7230512659999999,0.7230512659999999
870,G239523_G239294,G239523,G239294,Physical,0.0,0.0
871,G239544_G239544,G239544,G239544,Physical,1.0,1.0
872,G239626_G235189,G239626,G235189,Physical,-0.021232402,-0.021232402
873,G239628_G235137,G239628,G235137,Physical,-0.7144599690000001,-0.7144599690000001
874,G239628_G235874,G239628,G235874,Physical,-0.584873248,-0.584873248
875,G239628_G236745,G239628,G236745,Physical,0.07497327,0.07497327
876,G239653_G238564,G239653,G238564,Physical,-0.234335757,-0.234335757
877,G239672_G234359,G239672,G234359,Physical,-0.154090021,-0.154090021
878,G239673_G234392,G239673,G234392,Genetic,0.853229728,0.853229728
879,G239673_G234779,G239673,G234779,Genetic,0.0,0.0
880,G239673_G235329,G239673,G235329,Physical,0.500133376,0.500133376
881,G239673_G236351,G239673,G236351,Physical,0.698583735,0.698583735
882,G239673_G236356,G239673,G236356,Genetic,0.8593603809999999,0.8593603809999999
883,G239673_G237916,G239673,G237916,Genetic,0.7999649240000001,0.7999649240000001
884,G239673_G238637,G239673,G238637,Physical,0.128621288,0.128621288
885,G239673_G240400,G239673,G240400,Physical,0.538387485,0.538387485
886,G239711_G235336,G239711,G235336,Physical,-0.202081146,-0.202081146
887,G239804_G235780,G239804,G235780,Physical,0.9393732,0.9393732
888,G239804_G237021,G239804,G237021,Genetic-Physical,0.8979754209999999,0.8979754209999999
889,G239965_G234715,G239965,G234715,Physical,-0.549544943,-0.549544943
890,G239965_G240032,G239965,G240032,Physical,0.212337482,0.212337482
891,G239975_G234868,G239975,G234868,Physical,0.902129907,0.902129907
892,G239976_G235780,G239976,G235780,Physical,0.846469013,0.846469013
893,G240043_G234756,G240043,G234756,Genetic,0.68881478,0.68881478
894,G240065_G235252,G240065,G235252,Physical,-0.16342993,-0.16342993
895,G240065_G235381,G240065,G235381,Physical,-0.6528786999999999,-0.6528786999999999
896,G240065_G235417,G240065,G235417,Physical,0.722682862,0.722682862
897,G240065_G235568,G240065,G235568,Physical,0.905905949,0.905905949
898,G240065_G235697,G240065,G235697,Physical,0.7987815559999999,0.7987815559999999
899,G240065_G235830,G240065,G235830,Physical,0.265669513,0.265669513
900,G240065_G237624,G240065,G237624,Physical,0.821403221,0.821403221
901,G240303_G234234,G240303,G234234,Physical,-0.36216862,-0.36216862
902,G240337_G236730,G240337,G236730,Genetic,-0.508882033,-0.508882033
903,G240346_G240346,G240346,G240346,Physical,1.0,1.0
904,G240400_G235404,G240400,G235404,Physical,0.7875943320000001,0.7875943320000001
905,G240400_G235763,G240400,G235763,Physical,0.881404827,0.881404827
906,G240410_G237021,G240410,G237021,Physical,0.220155279,0.220155279
907,G240410_G239017,G240410,G239017,Physical,0.285031304,0.285031304
908,G240410_G240410,G240410,G240410,Physical,1.0,1.0
909,G240504_G237021,G240504,G237021,Physical,0.798424307,0.798424307
